entry_id,employee_id,project_id,work_date,hours_logged,billable
1,EMP003,PRJ001,2026-04-07,4.6,True
2,EMP003,PRJ001,2026-04-08,3.6,True
3,EMP003,PRJ001,2026-04-09,4.9,True
4,EMP003,PRJ001,2026-04-10,6.3,True
5,EMP003,PRJ001,2026-04-13,3.4,True
6,EMP003,PRJ001,2026-04-14,3.4,True
7,EMP003,PRJ001,2026-04-15,6.4,True
8,EMP003,PRJ001,2026-04-16,5.1,True
9,EMP003,PRJ001,2026-04-17,3.0,False
10,EMP003,PRJ001,2026-04-20,4.7,True
11,EMP003,PRJ001,2026-04-21,3.1,True
12,EMP003,PRJ001,2026-04-22,3.0,False
13,EMP003,PRJ001,2026-04-24,4.2,True
14,EMP003,PRJ001,2026-04-27,0.7,True
15,EMP003,PRJ001,2026-04-28,1.0,True
16,EMP003,PRJ001,2026-04-30,2.9,False
17,EMP003,PRJ001,2026-05-01,2.2,True
18,EMP003,PRJ001,2026-05-04,4.3,False
19,EMP003,PRJ001,2026-05-05,2.3,True
20,EMP003,PRJ001,2026-05-06,1.5,True
21,EMP003,PRJ001,2026-05-07,6.2,True
22,EMP003,PRJ001,2026-05-08,3.4,False
23,EMP003,PRJ001,2026-05-11,3.9,True
24,EMP003,PRJ001,2026-05-12,1.5,True
25,EMP003,PRJ001,2026-05-13,2.9,False
26,EMP003,PRJ001,2026-05-14,4.0,True
27,EMP003,PRJ001,2026-05-15,1.9,True
28,EMP003,PRJ001,2026-05-18,4.4,True
29,EMP003,PRJ001,2026-05-19,2.8,True
30,EMP003,PRJ001,2026-05-20,3.3,True
31,EMP003,PRJ001,2026-05-21,2.8,False
32,EMP003,PRJ001,2026-05-25,6.8,True
33,EMP003,PRJ001,2026-05-26,3.8,False
34,EMP003,PRJ001,2026-05-27,2.1,True
35,EMP003,PRJ001,2026-05-28,5.2,False
36,EMP003,PRJ001,2026-06-01,1.8,True
37,EMP003,PRJ001,2026-06-02,4.2,True
38,EMP003,PRJ001,2026-06-03,0.6,True
39,EMP003,PRJ001,2026-06-04,1.6,True
40,EMP003,PRJ001,2026-06-05,4.1,True
41,EMP003,PRJ001,2026-06-08,5.0,True
42,EMP003,PRJ001,2026-06-09,-4.0,True
43,EMP003,PRJ001,2026-06-10,3.6,True
44,EMP003,PRJ001,2026-06-11,-4.0,True
45,EMP003,PRJ001,2026-06-12,1.4,True
46,EMP003,PRJ001,2026-06-16,2.6,True
47,EMP003,PRJ001,2026-06-18,3.1,False
48,EMP003,PRJ001,2026-06-22,5.5,True
49,EMP003,PRJ001,2026-06-23,4.4,True
50,EMP003,PRJ001,2026-06-24,0.9,True
51,EMP003,PRJ001,2026-06-25,4.3,True
52,EMP003,PRJ001,2026-06-26,3.2,True
53,EMP003,PRJ001,2026-06-29,2.7,True
54,EMP003,PRJ001,2026-06-30,4.8,True
55,EMP003,PRJ001,2026-07-01,5.5,True
56,EMP003,PRJ001,2026-07-03,5.3,True
57,EMP003,PRJ001,2026-07-06,2.4,True
58,EMP003,PRJ001,2026-07-07,3.3,True
59,EMP003,PRJ001,2026-07-08,4.4,True
60,EMP003,PRJ001,2026-07-09,5.4,True
61,EMP003,PRJ001,2026-07-10,3.0,True
62,EMP003,PRJ001,2026-07-13,3.5,True
63,EMP003,PRJ001,2026-07-14,2.0,True
64,EMP003,PRJ001,2026-07-15,1.9,True
65,EMP003,PRJ001,2026-07-16,5.1,True
66,EMP003,PRJ001,2026-07-17,6.0,True
67,EMP003,PRJ001,2026-07-20,3.7,True
68,EMP003,PRJ001,2026-07-21,5.4,True
69,EMP003,PRJ001,2026-07-22,4.4,False
70,EMP003,PRJ001,2026-07-23,2.8,True
71,EMP003,PRJ001,2026-07-24,4.4,True
72,EMP003,PRJ001,2026-07-27,6.3,True
73,EMP003,PRJ001,2026-07-28,3.8,True
74,EMP003,PRJ001,2026-07-29,6.4,True
75,EMP003,PRJ001,2026-07-30,0.5,True
76,EMP003,PRJ001,2026-07-31,5.2,True
77,EMP003,PRJ001,2026-08-03,4.0,True
78,EMP003,PRJ001,2026-08-04,3.3,True
79,EMP003,PRJ001,2026-08-05,4.0,True
80,EMP003,PRJ001,2026-08-06,0.6,True
81,EMP003,PRJ001,2026-08-07,3.5,True
82,EMP003,PRJ001,2026-08-10,4.4,True
83,EMP003,PRJ001,2026-08-11,6.2,True
84,EMP003,PRJ001,2026-08-12,3.0,False
85,EMP003,PRJ001,2026-08-13,2.5,True
86,EMP003,PRJ001,2026-08-14,3.0,True
87,EMP003,PRJ001,2026-08-17,5.3,False
88,EMP003,PRJ001,2026-08-18,4.3,True
89,EMP003,PRJ001,2026-08-19,2.9,True
90,EMP003,PRJ001,2026-08-20,4.6,True
91,EMP003,PRJ001,2026-08-21,4.0,True
92,EMP003,PRJ001,2026-08-24,5.4,True
93,EMP003,PRJ001,2026-08-25,2.7,True
94,EMP003,PRJ001,2026-08-26,3.3,True
95,EMP003,PRJ001,2026-08-27,3.2,True
96,EMP003,PRJ001,2026-08-28,1.4,True
97,EMP003,PRJ001,2026-08-31,4.3,True
98,EMP003,PRJ001,2026-09-01,4.2,True
99,EMP003,PRJ001,2026-09-02,3.8,True
100,EMP003,PRJ001,2026-09-03,3.4,True
101,EMP003,PRJ001,2026-09-04,1.5,True
102,EMP018,PRJ001,2026-04-06,3.1,True
103,EMP018,PRJ001,2026-04-07,3.3,True
104,EMP018,PRJ001,2026-04-08,2.5,True
105,EMP018,PRJ001,2026-04-09,3.5,True
106,EMP018,PRJ001,2026-04-10,4.5,True
107,EMP018,PRJ001,2026-04-13,6.9,False
108,EMP018,PRJ001,2026-04-14,4.1,True
109,EMP018,PRJ001,2026-04-15,4.2,True
110,EMP018,PRJ001,2026-04-16,3.7,False
111,EMP018,PRJ001,2026-04-17,0.7,False
112,EMP018,PRJ001,2026-04-20,3.8,True
113,EMP018,PRJ001,2026-04-21,3.9,True
114,EMP018,PRJ001,2026-04-22,7.8,True
115,EMP018,PRJ001,2026-04-23,3.5,True
116,EMP018,PRJ001,2026-04-24,4.3,True
117,EMP018,PRJ001,2026-04-27,3.8,True
118,EMP018,PRJ001,2026-04-28,1.9,True
119,EMP018,PRJ001,2026-05-01,5.7,True
120,EMP018,PRJ001,2026-05-04,5.0,True
121,EMP018,PRJ001,2026-05-05,5.1,True
122,EMP018,PRJ001,2026-05-06,2.3,True
123,EMP018,PRJ001,2026-05-07,6.1,True
124,EMP018,PRJ001,2026-05-08,1.5,True
125,EMP018,PRJ001,2026-05-11,4.8,False
126,EMP018,PRJ001,2026-05-12,7.4,True
127,EMP018,PRJ001,2026-05-13,2.2,True
128,EMP018,PRJ001,2026-05-14,2.9,True
129,EMP018,PRJ001,2026-05-15,4.0,True
130,EMP018,PRJ001,2026-05-18,3.0,True
131,EMP018,PRJ001,2026-05-19,1.3,True
132,EMP018,PRJ001,2026-05-20,3.9,True
133,EMP018,PRJ001,2026-05-21,2.1,True
134,EMP018,PRJ001,2026-05-22,4.6,True
135,EMP018,PRJ001,2026-05-25,2.3,False
136,EMP018,PRJ001,2026-05-26,6.3,True
137,EMP018,PRJ001,2026-05-27,2.5,True
138,EMP018,PRJ001,2026-05-28,3.3,True
139,EMP018,PRJ001,2026-05-29,5.1,True
140,EMP018,PRJ001,2026-06-01,1.8,True
141,EMP018,PRJ001,2026-06-02,4.2,True
142,EMP018,PRJ001,2026-06-03,5.9,False
143,EMP018,PRJ001,2026-06-04,1.2,True
144,EMP018,PRJ001,2026-06-05,4.1,True
145,EMP018,PRJ001,2026-06-08,4.2,True
146,EMP018,PRJ001,2026-06-10,5.1,True
147,EMP018,PRJ001,2026-06-11,1.8,True
148,EMP018,PRJ001,2026-06-12,1.7,False
149,EMP018,PRJ001,2026-06-15,4.7,True
150,EMP018,PRJ001,2026-06-16,4.3,True
151,EMP018,PRJ001,2026-06-17,4.2,False
152,EMP018,PRJ001,2026-06-18,4.4,True
153,EMP018,PRJ001,2026-06-19,2.7,True
154,EMP018,PRJ001,2026-06-22,4.2,True
155,EMP018,PRJ001,2026-06-23,4.3,True
156,EMP018,PRJ001,2026-06-24,2.6,True
157,EMP018,PRJ001,2026-06-25,6.9,False
158,EMP018,PRJ001,2026-06-26,27.0,True
159,EMP018,PRJ001,2026-06-29,1.9,True
160,EMP018,PRJ001,2026-07-01,4.9,True
161,EMP018,PRJ001,2026-07-02,2.2,True
162,EMP018,PRJ001,2026-07-06,5.1,True
163,EMP018,PRJ001,2026-07-07,5.7,True
164,EMP018,PRJ001,2026-07-08,2.5,True
165,EMP018,PRJ001,2026-07-09,5.4,True
166,EMP018,PRJ001,2026-07-10,4.5,False
167,EMP018,PRJ001,2026-07-13,5.2,True
168,EMP018,PRJ001,2026-07-14,6.9,True
169,EMP018,PRJ001,2026-07-15,3.4,True
170,EMP018,PRJ001,2026-07-20,2.6,True
171,EMP018,PRJ001,2026-07-21,2.4,True
172,EMP018,PRJ001,2026-07-22,2.5,True
173,EMP018,PRJ001,2026-07-23,3.7,True
174,EMP018,PRJ001,2026-07-24,4.4,True
175,EMP018,PRJ001,2026-07-27,4.3,False
176,EMP018,PRJ001,2026-07-29,5.2,True
177,EMP018,PRJ001,2026-07-30,3.8,True
178,EMP018,PRJ001,2026-07-31,6.2,True
179,EMP018,PRJ001,2026-08-03,3.4,True
180,EMP018,PRJ001,2026-08-05,8.3,True
181,EMP018,PRJ001,2026-08-06,4.8,False
182,EMP018,PRJ001,2026-08-07,2.4,False
183,EMP018,PRJ001,2026-08-10,2.1,True
184,EMP018,PRJ001,2026-08-11,4.6,True
185,EMP018,PRJ001,2026-08-12,3.4,True
186,EMP018,PRJ001,2026-08-13,5.0,True
187,EMP018,PRJ001,2026-08-14,4.6,True
188,EMP018,PRJ001,2026-08-17,3.7,True
189,EMP018,PRJ001,2026-08-18,2.4,False
190,EMP018,PRJ001,2026-08-19,1.3,True
191,EMP018,PRJ001,2026-08-20,3.1,False
192,EMP018,PRJ001,2026-08-21,5.2,False
193,EMP018,PRJ001,2026-08-24,4.2,True
194,EMP018,PRJ001,2026-08-25,1.8,True
195,EMP018,PRJ001,2026-08-26,4.1,True
196,EMP018,PRJ001,2026-08-27,4.4,True
197,EMP018,PRJ001,2026-08-28,2.4,False
198,EMP018,PRJ001,2026-08-31,4.1,True
199,EMP018,PRJ001,2026-09-01,3.9,True
200,EMP018,PRJ001,2026-09-02,1.9,True
201,EMP018,PRJ001,2026-09-03,4.4,True
202,EMP018,PRJ001,2026-09-04,4.7,True
203,EMP018,PRJ002,2025-12-03,8.9,True
204,EMP018,PRJ002,2025-12-04,8.9,False
205,EMP018,PRJ002,2025-12-05,2.8,False
206,EMP018,PRJ002,2025-12-08,3.9,True
207,EMP018,PRJ002,2025-12-09,7.5,True
208,EMP018,PRJ002,2025-12-10,7.5,True
209,EMP018,PRJ002,2025-12-11,7.5,True
210,EMP018,PRJ002,2025-12-12,12.0,True
211,EMP018,PRJ002,2025-12-15,7.7,True
212,EMP018,PRJ002,2025-12-16,9.1,True
213,EMP018,PRJ002,2025-12-17,8.6,True
214,EMP018,PRJ002,2025-12-18,7.9,True
215,EMP018,PRJ002,2025-12-19,5.5,True
216,EMP018,PRJ002,2025-12-22,8.1,True
217,EMP018,PRJ002,2025-12-23,4.3,False
218,EMP018,PRJ002,2025-12-24,5.6,True
219,EMP018,PRJ002,2025-12-25,5.0,True
220,EMP018,PRJ002,2025-12-26,6.4,True
221,EMP018,PRJ002,2025-12-29,12.0,True
222,EMP018,PRJ002,2025-12-30,1.6,False
223,EMP018,PRJ002,2025-12-31,7.9,True
224,EMP018,PRJ002,2026-01-01,2.2,False
225,EMP018,PRJ002,2026-01-05,5.1,False
226,EMP018,PRJ002,2026-01-06,8.9,True
227,EMP018,PRJ002,2026-01-07,6.4,False
228,EMP018,PRJ002,2026-01-08,3.6,False
229,EMP018,PRJ002,2026-01-09,4.5,True
230,EMP018,PRJ002,2026-01-12,7.9,True
231,EMP018,PRJ002,2026-01-13,4.4,True
232,EMP018,PRJ002,2026-01-14,6.8,True
233,EMP018,PRJ002,2026-01-15,6.3,True
234,EMP018,PRJ002,2026-01-16,27.0,True
235,EMP018,PRJ002,2026-01-19,11.6,True
236,EMP018,PRJ002,2026-01-20,7.8,True
237,EMP018,PRJ002,2026-01-21,1.2,True
238,EMP018,PRJ002,2026-01-22,6.7,True
239,EMP018,PRJ002,2026-01-23,4.6,True
240,EMP018,PRJ002,2026-01-26,8.4,False
241,EMP018,PRJ002,2026-01-27,4.3,True
242,EMP018,PRJ002,2026-01-28,6.0,True
243,EMP018,PRJ002,2026-01-30,7.5,True
244,EMP018,PRJ002,2026-02-02,8.4,True
245,EMP018,PRJ002,2026-02-03,3.3,True
246,EMP018,PRJ002,2026-02-04,5.4,True
247,EMP018,PRJ002,2026-02-05,5.1,True
248,EMP018,PRJ002,2026-02-06,4.6,True
249,EMP018,PRJ002,2026-02-09,10.6,True
250,EMP018,PRJ002,2026-02-10,7.2,True
251,EMP018,PRJ002,2026-02-11,3.1,True
252,EMP018,PRJ002,2026-02-12,8.5,False
253,EMP018,PRJ002,2026-02-13,11.5,True
254,EMP018,PRJ002,2026-02-16,8.8,True
255,EMP018,PRJ002,2026-02-17,2.5,False
256,EMP018,PRJ002,2026-02-18,5.0,False
257,EMP018,PRJ002,2026-02-19,9.4,False
258,EMP018,PRJ002,2026-02-20,0.0,True
259,EMP018,PRJ002,2026-02-23,7.3,True
260,EMP018,PRJ002,2026-02-24,8.2,True
261,EMP018,PRJ002,2026-02-25,3.9,True
262,EMP018,PRJ002,2026-02-26,6.1,False
263,EMP018,PRJ002,2026-02-27,0.5,True
264,EMP018,PRJ002,2026-03-02,3.7,True
265,EMP018,PRJ002,2026-03-03,5.6,True
266,EMP018,PRJ003,2026-05-01,1.5,True
267,EMP018,PRJ003,2026-05-04,5.7,True
268,EMP018,PRJ003,2026-05-05,1.2,True
269,EMP018,PRJ003,2026-05-06,2.7,True
270,EMP018,PRJ003,2026-05-07,3.5,True
271,EMP018,PRJ003,2026-05-08,5.4,True
272,EMP018,PRJ003,2026-05-11,1.2,True
273,EMP018,PRJ003,2026-05-12,5.0,False
274,EMP018,PRJ003,2026-05-13,3.3,True
275,EMP018,PRJ003,2026-05-14,1.9,False
276,EMP018,PRJ003,2026-05-15,4.0,True
277,EMP018,PRJ003,2026-05-18,3.6,False
278,EMP018,PRJ003,2026-05-19,2.5,False
279,EMP018,PRJ003,2026-05-20,3.4,True
280,EMP018,PRJ003,2026-05-21,2.8,True
281,EMP018,PRJ003,2026-05-22,3.5,True
282,EMP018,PRJ003,2026-05-25,4.3,False
283,EMP018,PRJ003,2026-05-26,5.7,True
284,EMP018,PRJ003,2026-05-27,1.5,True
285,EMP018,PRJ003,2026-05-28,6.5,True
286,EMP018,PRJ003,2026-05-29,0.5,True
287,EMP018,PRJ003,2026-06-01,3.1,True
288,EMP018,PRJ003,2026-06-02,4.2,True
289,EMP018,PRJ003,2026-06-03,3.7,True
290,EMP018,PRJ003,2026-06-04,2.4,True
291,EMP018,PRJ003,2026-06-05,3.0,True
292,EMP018,PRJ003,2026-06-08,2.6,True
293,EMP018,PRJ003,2026-06-09,2.5,True
294,EMP018,PRJ003,2026-06-10,4.6,True
295,EMP018,PRJ003,2026-06-11,3.9,True
296,EMP018,PRJ003,2026-06-12,2.3,True
297,EMP018,PRJ003,2026-06-15,4.7,True
298,EMP018,PRJ003,2026-06-16,3.8,True
299,EMP018,PRJ003,2026-06-17,4.5,False
300,EMP018,PRJ003,2026-06-18,4.3,True
301,EMP018,PRJ003,2026-06-19,2.1,True
302,EMP018,PRJ003,2026-06-22,2.5,True
303,EMP018,PRJ003,2026-06-23,4.4,True
304,EMP018,PRJ003,2026-06-24,4.2,True
305,EMP018,PRJ003,2026-06-25,3.3,True
306,EMP018,PRJ003,2026-06-26,3.5,True
307,EMP018,PRJ003,2026-06-29,5.2,False
308,EMP018,PRJ003,2026-06-30,2.5,False
309,EMP018,PRJ003,2026-07-01,4.1,True
310,EMP018,PRJ003,2026-07-02,3.0,True
311,EMP018,PRJ003,2026-07-03,3.0,True
312,EMP018,PRJ003,2026-07-06,4.9,True
313,EMP018,PRJ003,2026-07-07,4.5,True
314,EMP018,PRJ003,2026-07-08,4.5,True
315,EMP018,PRJ003,2026-07-09,5.2,True
316,EMP018,PRJ003,2026-07-13,3.4,True
317,EMP018,PRJ003,2026-07-14,4.3,True
318,EMP018,PRJ003,2026-07-15,2.9,True
319,EMP018,PRJ003,2026-07-16,3.8,True
320,EMP018,PRJ003,2026-07-17,3.1,True
321,EMP018,PRJ003,2026-07-20,3.5,True
322,EMP018,PRJ003,2026-07-21,4.2,False
323,EMP018,PRJ003,2026-07-22,2.1,True
324,EMP018,PRJ003,2026-07-23,6.4,True
325,EMP018,PRJ003,2026-07-24,1.9,True
326,EMP018,PRJ003,2026-07-27,1.6,True
327,EMP018,PRJ003,2026-07-28,5.0,True
328,EMP018,PRJ003,2026-07-29,4.5,False
329,EMP018,PRJ003,2026-07-30,4.2,False
330,EMP018,PRJ003,2026-07-31,4.3,True
331,EMP018,PRJ003,2026-08-03,3.3,True
332,EMP018,PRJ003,2026-08-04,2.0,True
333,EMP018,PRJ003,2026-08-05,3.4,True
334,EMP018,PRJ003,2026-08-06,2.3,True
335,EMP018,PRJ003,2026-08-10,4.8,True
336,EMP018,PRJ003,2026-08-11,3.1,True
337,EMP018,PRJ003,2026-08-12,2.1,True
338,EMP018,PRJ003,2026-08-13,2.9,True
339,EMP018,PRJ003,2026-08-14,3.9,True
340,EMP018,PRJ003,2026-08-17,2.5,True
341,EMP018,PRJ003,2026-08-18,2.1,True
342,EMP018,PRJ003,2026-08-20,3.7,True
343,EMP018,PRJ003,2026-08-21,3.7,True
344,EMP018,PRJ003,2026-08-24,2.6,True
345,EMP018,PRJ003,2026-08-25,2.6,True
346,EMP018,PRJ003,2026-08-26,3.7,True
347,EMP018,PRJ003,2026-08-27,1.2,True
348,EMP018,PRJ003,2026-08-28,1.3,True
349,EMP018,PRJ003,2026-08-31,2.3,False
350,EMP018,PRJ003,2026-09-01,3.0,True
351,EMP018,PRJ003,2026-09-02,3.8,True
352,EMP018,PRJ003,2026-09-03,5.5,True
353,EMP018,PRJ003,2026-09-04,4.6,True
354,EMP015,PRJ003,2026-05-01,3.1,True
355,EMP015,PRJ003,2026-05-04,3.3,True
356,EMP015,PRJ003,2026-05-05,1.9,False
357,EMP015,PRJ003,2026-05-07,3.3,True
358,EMP015,PRJ003,2026-05-08,2.9,True
359,EMP015,PRJ003,2026-05-11,3.8,True
360,EMP015,PRJ003,2026-05-12,2.1,True
361,EMP015,PRJ003,2026-05-14,4.1,False
362,EMP015,PRJ003,2026-05-15,5.6,True
363,EMP015,PRJ003,2026-05-18,3.2,True
364,EMP015,PRJ003,2026-05-20,3.9,True
365,EMP015,PRJ003,2026-05-21,4.3,True
366,EMP015,PRJ003,2026-05-22,2.7,False
367,EMP015,PRJ003,2026-05-25,3.7,True
368,EMP015,PRJ003,2026-05-26,3.4,True
369,EMP015,PRJ003,2026-05-27,3.5,True
370,EMP015,PRJ003,2026-05-28,2.2,True
371,EMP015,PRJ003,2026-05-29,3.4,True
372,EMP015,PRJ003,2026-06-01,4.1,False
373,EMP015,PRJ003,2026-06-02,5.5,True
374,EMP015,PRJ003,2026-06-04,4.7,False
375,EMP015,PRJ003,2026-06-05,6.5,True
376,EMP015,PRJ003,2026-06-08,2.2,True
377,EMP015,PRJ003,2026-06-09,4.6,True
378,EMP015,PRJ003,2026-06-10,3.6,True
379,EMP015,PRJ003,2026-06-11,6.5,True
380,EMP015,PRJ003,2026-06-12,2.1,True
381,EMP015,PRJ003,2026-06-15,2.1,True
382,EMP015,PRJ003,2026-06-16,2.5,True
383,EMP015,PRJ003,2026-06-17,0.5,True
384,EMP015,PRJ003,2026-06-18,2.6,True
385,EMP015,PRJ003,2026-06-19,2.2,False
386,EMP015,PRJ003,2026-06-22,3.6,True
387,EMP015,PRJ003,2026-06-23,3.8,True
388,EMP015,PRJ003,2026-06-24,6.1,True
389,EMP015,PRJ003,2026-06-25,4.7,False
390,EMP015,PRJ003,2026-06-26,2.5,True
391,EMP015,PRJ003,2026-06-29,2.0,True
392,EMP015,PRJ003,2026-06-30,4.1,True
393,EMP015,PRJ003,2026-07-01,1.4,True
394,EMP015,PRJ003,2026-07-02,6.0,True
395,EMP015,PRJ003,2026-07-03,5.1,True
396,EMP015,PRJ003,2026-07-06,2.6,True
397,EMP015,PRJ003,2026-07-07,0.8,True
398,EMP015,PRJ003,2026-07-08,5.3,True
399,EMP015,PRJ003,2026-07-10,3.2,True
400,EMP015,PRJ003,2026-07-13,5.1,True
401,EMP015,PRJ003,2026-07-14,1.0,True
402,EMP015,PRJ003,2026-07-15,2.5,False
403,EMP015,PRJ003,2026-07-16,3.3,True
404,EMP015,PRJ003,2026-07-17,3.4,True
405,EMP015,PRJ003,2026-07-20,2.7,True
406,EMP015,PRJ003,2026-07-21,4.2,True
407,EMP015,PRJ003,2026-07-22,1.8,True
408,EMP015,PRJ003,2026-07-24,3.1,True
409,EMP015,PRJ003,2026-07-27,3.5,True
410,EMP015,PRJ003,2026-07-28,4.1,True
411,EMP015,PRJ003,2026-07-29,4.4,True
412,EMP015,PRJ003,2026-07-31,1.7,True
413,EMP015,PRJ003,2026-08-03,1.1,True
414,EMP015,PRJ003,2026-08-04,5.2,True
415,EMP015,PRJ003,2026-08-05,3.8,True
416,EMP015,PRJ003,2026-08-06,2.2,True
417,EMP015,PRJ003,2026-08-07,5.6,False
418,EMP015,PRJ003,2026-08-10,3.5,True
419,EMP015,PRJ003,2026-08-11,5.1,True
420,EMP015,PRJ003,2026-08-12,3.4,False
421,EMP015,PRJ003,2026-08-13,6.4,True
422,EMP015,PRJ003,2026-08-14,5.9,True
423,EMP015,PRJ003,2026-08-17,3.0,False
424,EMP015,PRJ003,2026-08-18,4.8,True
425,EMP015,PRJ003,2026-08-19,4.3,True
426,EMP015,PRJ003,2026-08-20,5.3,True
427,EMP015,PRJ003,2026-08-21,1.9,True
428,EMP015,PRJ003,2026-08-24,4.3,True
429,EMP015,PRJ003,2026-08-25,4.9,False
430,EMP015,PRJ003,2026-08-26,0.8,True
431,EMP015,PRJ003,2026-08-27,1.6,True
432,EMP015,PRJ003,2026-08-28,0.5,True
433,EMP015,PRJ003,2026-08-31,2.9,False
434,EMP015,PRJ003,2026-09-01,4.4,True
435,EMP015,PRJ003,2026-09-03,5.5,True
436,EMP015,PRJ003,2026-09-04,3.4,True
437,EMP016,PRJ004,2025-12-15,10.2,True
438,EMP016,PRJ004,2025-12-16,2.8,True
439,EMP016,PRJ004,2025-12-17,2.0,False
440,EMP016,PRJ004,2025-12-18,6.1,True
441,EMP016,PRJ004,2025-12-19,7.2,True
442,EMP016,PRJ004,2025-12-22,6.1,True
443,EMP016,PRJ004,2025-12-23,1.1,True
444,EMP016,PRJ004,2025-12-24,6.0,False
445,EMP016,PRJ004,2025-12-25,3.0,True
446,EMP016,PRJ004,2025-12-26,7.9,True
447,EMP016,PRJ004,2025-12-29,7.1,True
448,EMP016,PRJ004,2025-12-30,3.9,True
449,EMP016,PRJ004,2025-12-31,4.9,False
450,EMP016,PRJ004,2026-01-01,3.6,True
451,EMP016,PRJ004,2026-01-02,6.0,True
452,EMP016,PRJ004,2026-01-05,8.6,True
453,EMP016,PRJ004,2026-01-06,3.8,True
454,EMP016,PRJ004,2026-01-07,7.4,True
455,EMP016,PRJ004,2026-01-08,4.9,True
456,EMP016,PRJ004,2026-01-09,4.2,True
457,EMP016,PRJ004,2026-01-13,5.9,True
458,EMP016,PRJ004,2026-01-14,3.6,True
459,EMP016,PRJ004,2026-01-15,4.8,True
460,EMP016,PRJ004,2026-01-16,3.2,True
461,EMP016,PRJ004,2026-01-19,11.1,True
462,EMP016,PRJ004,2026-01-20,6.3,True
463,EMP016,PRJ004,2026-01-21,4.5,True
464,EMP016,PRJ004,2026-01-22,6.7,True
465,EMP016,PRJ004,2026-01-23,5.9,False
466,EMP016,PRJ004,2026-01-26,5.7,True
467,EMP016,PRJ004,2026-01-27,7.7,True
468,EMP016,PRJ004,2026-01-28,8.1,True
469,EMP016,PRJ004,2026-01-29,4.9,True
470,EMP016,PRJ004,2026-01-30,4.8,False
471,EMP016,PRJ004,2026-02-02,5.5,True
472,EMP016,PRJ004,2026-02-03,0.5,False
473,EMP016,PRJ004,2026-02-04,2.5,True
474,EMP016,PRJ004,2026-02-05,9.6,True
475,EMP016,PRJ004,2026-02-06,10.3,True
476,EMP016,PRJ004,2026-02-09,5.6,True
477,EMP016,PRJ004,2026-02-10,7.6,True
478,EMP016,PRJ004,2026-02-11,7.0,True
479,EMP016,PRJ004,2026-02-12,12.0,False
480,EMP016,PRJ004,2026-02-13,9.0,True
481,EMP016,PRJ004,2026-02-16,5.9,True
482,EMP016,PRJ004,2026-02-17,3.8,True
483,EMP016,PRJ004,2026-02-18,2.2,True
484,EMP016,PRJ004,2026-02-19,6.7,True
485,EMP016,PRJ004,2026-02-20,4.3,True
486,EMP016,PRJ004,2026-02-23,2.7,True
487,EMP016,PRJ004,2026-02-24,4.6,True
488,EMP016,PRJ004,2026-02-25,3.5,True
489,EMP016,PRJ004,2026-02-26,10.4,True
490,EMP016,PRJ004,2026-03-02,8.4,True
491,EMP016,PRJ004,2026-03-03,-4.0,True
492,EMP016,PRJ004,2026-03-04,9.9,False
493,EMP016,PRJ004,2026-03-05,6.4,True
494,EMP016,PRJ004,2026-03-06,4.1,True
495,EMP016,PRJ004,2026-03-10,10.0,True
496,EMP016,PRJ004,2026-03-11,7.5,True
497,EMP016,PRJ004,2026-03-12,3.6,True
498,EMP016,PRJ004,2026-03-13,5.7,False
499,EMP016,PRJ004,2026-03-16,4.0,True
500,EMP026,PRJ004,2025-12-15,2.8,True
501,EMP026,PRJ004,2025-12-16,8.5,True
502,EMP026,PRJ004,2025-12-17,10.9,True
503,EMP026,PRJ004,2025-12-18,2.7,True
504,EMP026,PRJ004,2025-12-19,7.6,True
505,EMP026,PRJ004,2025-12-22,4.6,True
506,EMP026,PRJ004,2025-12-23,5.0,True
507,EMP026,PRJ004,2025-12-24,4.7,True
508,EMP026,PRJ004,2025-12-25,4.1,True
509,EMP026,PRJ004,2025-12-26,6.3,True
510,EMP026,PRJ004,2025-12-29,4.1,True
511,EMP026,PRJ004,2025-12-30,6.9,True
512,EMP026,PRJ004,2025-12-31,6.1,True
513,EMP026,PRJ004,2026-01-02,5.6,True
514,EMP026,PRJ004,2026-01-05,4.0,True
515,EMP026,PRJ004,2026-01-06,4.8,True
516,EMP026,PRJ004,2026-01-07,8.1,True
517,EMP026,PRJ004,2026-01-08,7.4,True
518,EMP026,PRJ004,2026-01-09,3.8,True
519,EMP026,PRJ004,2026-01-12,6.4,False
520,EMP026,PRJ004,2026-01-13,8.1,True
521,EMP026,PRJ004,2026-01-14,2.1,True
522,EMP026,PRJ004,2026-01-15,7.5,True
523,EMP026,PRJ004,2026-01-16,4.6,False
524,EMP026,PRJ004,2026-01-19,7.6,True
525,EMP026,PRJ004,2026-01-20,4.3,True
526,EMP026,PRJ004,2026-01-21,1.7,True
527,EMP026,PRJ004,2026-01-22,2.2,True
528,EMP026,PRJ004,2026-01-23,6.3,False
529,EMP026,PRJ004,2026-01-26,6.8,True
530,EMP026,PRJ004,2026-01-27,4.0,True
531,EMP026,PRJ004,2026-01-28,7.8,True
532,EMP026,PRJ004,2026-01-29,2.1,True
533,EMP026,PRJ004,2026-01-30,6.0,True
534,EMP026,PRJ004,2026-02-02,3.2,True
535,EMP026,PRJ004,2026-02-04,4.6,True
536,EMP026,PRJ004,2026-02-05,6.3,True
537,EMP026,PRJ004,2026-02-06,4.1,True
538,EMP026,PRJ004,2026-02-09,5.3,True
539,EMP026,PRJ004,2026-02-10,8.7,True
540,EMP026,PRJ004,2026-02-11,4.8,True
541,EMP026,PRJ004,2026-02-12,8.3,True
542,EMP026,PRJ004,2026-02-13,3.4,True
543,EMP026,PRJ004,2026-02-16,7.5,False
544,EMP026,PRJ004,2026-02-17,9.8,True
545,EMP026,PRJ004,2026-02-18,0.5,False
546,EMP026,PRJ004,2026-02-20,4.2,True
547,EMP026,PRJ004,2026-02-23,7.6,False
548,EMP026,PRJ004,2026-02-24,5.7,False
549,EMP026,PRJ004,2026-02-25,7.1,True
550,EMP026,PRJ004,2026-02-26,4.7,True
551,EMP026,PRJ004,2026-02-27,6.4,True
552,EMP026,PRJ004,2026-03-02,5.8,True
553,EMP026,PRJ004,2026-03-03,9.1,False
554,EMP026,PRJ004,2026-03-04,6.8,True
555,EMP026,PRJ004,2026-03-05,7.0,True
556,EMP026,PRJ004,2026-03-06,5.2,True
557,EMP026,PRJ004,2026-03-09,5.0,False
558,EMP026,PRJ004,2026-03-10,5.1,True
559,EMP026,PRJ004,2026-03-11,7.2,True
560,EMP026,PRJ004,2026-03-12,5.2,True
561,EMP026,PRJ004,2026-03-13,6.9,True
562,EMP026,PRJ004,2026-03-16,11.3,False
563,EMP026,PRJ004,2026-03-17,8.4,True
564,EMP013,PRJ004,2025-12-15,5.4,True
565,EMP013,PRJ004,2025-12-16,9.2,True
566,EMP013,PRJ004,2025-12-17,5.2,True
567,EMP013,PRJ004,2025-12-18,1.2,True
568,EMP013,PRJ004,2025-12-19,3.7,True
569,EMP013,PRJ004,2025-12-23,1.6,True
570,EMP013,PRJ004,2025-12-24,5.3,True
571,EMP013,PRJ004,2025-12-25,6.2,True
572,EMP013,PRJ004,2025-12-26,10.3,True
573,EMP013,PRJ004,2025-12-29,7.0,True
574,EMP013,PRJ004,2025-12-30,5.7,True
575,EMP013,PRJ004,2025-12-31,8.3,True
576,EMP013,PRJ004,2026-01-01,0.7,True
577,EMP013,PRJ004,2026-01-02,6.8,True
578,EMP013,PRJ004,2026-01-06,8.1,False
579,EMP013,PRJ004,2026-01-07,2.5,True
580,EMP013,PRJ004,2026-01-08,9.0,True
581,EMP013,PRJ004,2026-01-09,7.0,True
582,EMP013,PRJ004,2026-01-12,5.2,False
583,EMP013,PRJ004,2026-01-13,7.8,True
584,EMP013,PRJ004,2026-01-14,11.8,True
585,EMP013,PRJ004,2026-01-15,6.7,True
586,EMP013,PRJ004,2026-01-16,-4.0,True
587,EMP013,PRJ004,2026-01-19,5.1,True
588,EMP013,PRJ004,2026-01-20,4.1,True
589,EMP013,PRJ004,2026-01-21,8.3,True
590,EMP013,PRJ004,2026-01-22,4.1,True
591,EMP013,PRJ004,2026-01-23,6.4,True
592,EMP013,PRJ004,2026-01-26,5.0,True
593,EMP013,PRJ004,2026-01-27,7.4,True
594,EMP013,PRJ004,2026-01-28,7.0,True
595,EMP013,PRJ004,2026-01-29,8.8,True
596,EMP013,PRJ004,2026-01-30,4.9,True
597,EMP013,PRJ004,2026-02-02,5.5,False
598,EMP013,PRJ004,2026-02-03,3.8,True
599,EMP013,PRJ004,2026-02-04,5.1,False
600,EMP013,PRJ004,2026-02-05,7.1,True
601,EMP013,PRJ004,2026-02-06,8.1,True
602,EMP013,PRJ004,2026-02-09,3.9,True
603,EMP013,PRJ004,2026-02-11,8.4,True
604,EMP013,PRJ004,2026-02-12,9.6,True
605,EMP013,PRJ004,2026-02-13,7.2,True
606,EMP013,PRJ004,2026-02-16,10.8,True
607,EMP013,PRJ004,2026-02-17,4.3,True
608,EMP013,PRJ004,2026-02-18,3.1,True
609,EMP013,PRJ004,2026-02-19,1.8,True
610,EMP013,PRJ004,2026-02-23,9.9,True
611,EMP013,PRJ004,2026-02-24,7.8,True
612,EMP013,PRJ004,2026-02-25,6.1,True
613,EMP013,PRJ004,2026-02-26,6.9,True
614,EMP013,PRJ004,2026-02-27,3.4,True
615,EMP013,PRJ004,2026-03-02,12.0,False
616,EMP013,PRJ004,2026-03-03,6.5,True
617,EMP013,PRJ004,2026-03-04,6.5,False
618,EMP013,PRJ004,2026-03-05,8.0,True
619,EMP013,PRJ004,2026-03-06,7.4,True
620,EMP013,PRJ004,2026-03-09,6.8,True
621,EMP013,PRJ004,2026-03-10,4.2,True
622,EMP013,PRJ004,2026-03-11,7.4,True
623,EMP013,PRJ004,2026-03-12,10.9,True
624,EMP013,PRJ004,2026-03-13,9.5,True
625,EMP013,PRJ004,2026-03-16,10.1,True
626,EMP013,PRJ004,2026-03-17,4.9,True
627,EMP014,PRJ005,2025-12-16,7.2,True
628,EMP014,PRJ005,2025-12-17,10.9,True
629,EMP014,PRJ005,2025-12-18,11.7,True
630,EMP014,PRJ005,2025-12-19,12.0,True
631,EMP014,PRJ005,2025-12-22,4.1,True
632,EMP014,PRJ005,2025-12-23,12.0,False
633,EMP014,PRJ005,2025-12-24,10.7,True
634,EMP014,PRJ005,2025-12-25,-4.0,True
635,EMP014,PRJ005,2025-12-26,7.1,True
636,EMP014,PRJ005,2025-12-30,4.3,True
637,EMP014,PRJ005,2025-12-31,12.0,True
638,EMP014,PRJ005,2026-01-01,11.7,True
639,EMP014,PRJ005,2026-01-05,5.9,True
640,EMP014,PRJ005,2026-01-07,5.9,True
641,EMP014,PRJ005,2026-01-08,10.0,True
642,EMP014,PRJ005,2026-01-09,12.0,True
643,EMP014,PRJ005,2026-01-12,10.3,True
644,EMP014,PRJ005,2026-01-13,5.0,True
645,EMP014,PRJ005,2026-01-14,10.4,True
646,EMP014,PRJ005,2026-01-15,10.2,True
647,EMP014,PRJ005,2026-01-16,0.5,True
648,EMP014,PRJ005,2026-01-19,-4.0,True
649,EMP014,PRJ005,2026-01-20,10.4,True
650,EMP014,PRJ005,2026-01-21,12.0,False
651,EMP014,PRJ005,2026-01-22,12.0,False
652,EMP014,PRJ005,2026-01-23,12.0,True
653,EMP014,PRJ005,2026-01-26,10.3,False
654,EMP014,PRJ005,2026-01-27,6.7,True
655,EMP014,PRJ005,2026-01-28,12.0,False
656,EMP014,PRJ005,2026-01-29,11.7,True
657,EMP014,PRJ005,2026-01-30,11.5,False
658,EMP014,PRJ005,2026-02-02,11.3,True
659,EMP014,PRJ005,2026-02-03,12.0,True
660,EMP014,PRJ005,2026-02-04,10.8,True
661,EMP014,PRJ005,2026-02-06,9.0,True
662,EMP014,PRJ005,2026-02-09,9.1,True
663,EMP014,PRJ005,2026-02-10,11.3,True
664,EMP014,PRJ005,2026-02-11,9.1,True
665,EMP014,PRJ005,2026-02-12,8.4,True
666,EMP014,PRJ005,2026-02-13,11.9,True
667,EMP014,PRJ005,2026-02-16,10.3,True
668,EMP014,PRJ005,2026-02-17,12.0,True
669,EMP014,PRJ005,2026-02-18,0.5,True
670,EMP014,PRJ005,2026-02-19,12.0,True
671,EMP014,PRJ005,2026-02-20,12.0,True
672,EMP014,PRJ005,2026-02-23,2.5,True
673,EMP014,PRJ005,2026-02-24,9.9,True
674,EMP014,PRJ005,2026-02-25,9.8,True
675,EMP014,PRJ005,2026-02-26,27.0,False
676,EMP014,PRJ005,2026-02-27,8.1,True
677,EMP014,PRJ005,2026-03-02,6.6,False
678,EMP014,PRJ005,2026-03-03,12.0,True
679,EMP014,PRJ005,2026-03-04,12.0,True
680,EMP014,PRJ005,2026-03-05,12.0,True
681,EMP014,PRJ005,2026-03-09,12.0,True
682,EMP014,PRJ005,2026-03-10,6.6,True
683,EMP014,PRJ005,2026-03-11,9.2,False
684,EMP014,PRJ005,2026-03-12,12.0,True
685,EMP014,PRJ005,2026-03-13,6.2,True
686,EMP014,PRJ005,2026-03-16,12.0,True
687,EMP014,PRJ005,2026-03-17,10.4,True
688,EMP014,PRJ005,2026-03-18,9.8,False
689,EMP014,PRJ005,2026-03-19,12.0,True
690,EMP014,PRJ005,2026-03-20,12.0,True
691,EMP014,PRJ005,2026-03-23,9.9,True
692,EMP014,PRJ005,2026-03-24,12.0,True
693,EMP014,PRJ005,2026-03-25,6.8,False
694,EMP014,PRJ005,2026-03-26,12.0,True
695,EMP014,PRJ005,2026-03-27,12.0,True
696,EMP014,PRJ005,2026-03-30,10.1,True
697,EMP014,PRJ005,2026-03-31,12.0,True
698,EMP014,PRJ005,2026-04-01,6.0,True
699,EMP014,PRJ005,2026-04-02,12.0,True
700,EMP014,PRJ005,2026-04-03,10.6,True
701,EMP014,PRJ005,2026-04-06,9.2,True
702,EMP014,PRJ005,2026-04-07,12.0,True
703,EMP014,PRJ005,2026-04-08,8.4,True
704,EMP014,PRJ005,2026-04-09,5.4,True
705,EMP014,PRJ005,2026-04-10,4.7,True
706,EMP014,PRJ005,2026-04-13,27.0,True
707,EMP014,PRJ005,2026-04-14,5.9,True
708,EMP014,PRJ005,2026-04-15,12.0,True
709,EMP014,PRJ005,2026-04-16,2.5,True
710,EMP016,PRJ005,2025-12-16,12.0,False
711,EMP016,PRJ005,2025-12-17,12.0,False
712,EMP016,PRJ005,2025-12-18,11.0,True
713,EMP016,PRJ005,2025-12-19,9.1,True
714,EMP016,PRJ005,2025-12-22,12.0,True
715,EMP016,PRJ005,2025-12-23,11.3,True
716,EMP016,PRJ005,2025-12-24,12.0,True
717,EMP016,PRJ005,2025-12-25,11.9,True
718,EMP016,PRJ005,2025-12-26,12.0,True
719,EMP016,PRJ005,2025-12-29,9.9,True
720,EMP016,PRJ005,2025-12-30,11.2,True
721,EMP016,PRJ005,2025-12-31,12.0,True
722,EMP016,PRJ005,2026-01-01,4.1,True
723,EMP016,PRJ005,2026-01-05,5.6,True
724,EMP016,PRJ005,2026-01-06,12.0,True
725,EMP016,PRJ005,2026-01-07,12.0,True
726,EMP016,PRJ005,2026-01-08,10.6,True
727,EMP016,PRJ005,2026-01-09,11.5,True
728,EMP016,PRJ005,2026-01-12,12.0,True
729,EMP016,PRJ005,2026-01-13,9.1,True
730,EMP016,PRJ005,2026-01-14,8.1,False
731,EMP016,PRJ005,2026-01-15,12.0,True
732,EMP016,PRJ005,2026-01-16,7.2,True
733,EMP016,PRJ005,2026-01-19,12.0,True
734,EMP016,PRJ005,2026-01-20,4.1,True
735,EMP016,PRJ005,2026-01-21,12.0,False
736,EMP016,PRJ005,2026-01-22,12.0,True
737,EMP016,PRJ005,2026-01-23,12.0,True
738,EMP016,PRJ005,2026-01-26,12.0,True
739,EMP016,PRJ005,2026-01-27,12.0,True
740,EMP016,PRJ005,2026-01-28,12.0,True
741,EMP016,PRJ005,2026-01-29,3.5,True
742,EMP016,PRJ005,2026-01-30,5.9,True
743,EMP016,PRJ005,2026-02-02,8.7,True
744,EMP016,PRJ005,2026-02-03,11.5,True
745,EMP016,PRJ005,2026-02-04,12.0,True
746,EMP016,PRJ005,2026-02-05,8.3,False
747,EMP016,PRJ005,2026-02-06,12.0,True
748,EMP016,PRJ005,2026-02-09,8.2,True
749,EMP016,PRJ005,2026-02-10,8.8,True
750,EMP016,PRJ005,2026-02-12,5.4,False
751,EMP016,PRJ005,2026-02-13,7.5,True
752,EMP016,PRJ005,2026-02-16,5.6,True
753,EMP016,PRJ005,2026-02-17,7.2,True
754,EMP016,PRJ005,2026-02-18,12.0,True
755,EMP016,PRJ005,2026-02-19,7.3,True
756,EMP016,PRJ005,2026-02-20,12.0,True
757,EMP016,PRJ005,2026-02-23,12.0,True
758,EMP016,PRJ005,2026-02-24,12.0,False
759,EMP016,PRJ005,2026-02-25,7.7,True
760,EMP016,PRJ005,2026-02-27,12.0,True
761,EMP016,PRJ005,2026-03-02,8.9,True
762,EMP016,PRJ005,2026-03-03,11.9,True
763,EMP016,PRJ005,2026-03-04,12.0,True
764,EMP016,PRJ005,2026-03-05,11.0,True
765,EMP016,PRJ005,2026-03-06,12.0,True
766,EMP016,PRJ005,2026-03-09,8.4,False
767,EMP016,PRJ005,2026-03-10,11.3,True
768,EMP016,PRJ005,2026-03-11,12.0,True
769,EMP016,PRJ005,2026-03-12,8.7,True
770,EMP016,PRJ005,2026-03-13,12.0,True
771,EMP016,PRJ005,2026-03-16,12.0,True
772,EMP016,PRJ005,2026-03-17,9.0,True
773,EMP016,PRJ005,2026-03-18,12.0,True
774,EMP016,PRJ005,2026-03-19,12.0,True
775,EMP016,PRJ005,2026-03-20,12.0,True
776,EMP016,PRJ005,2026-03-23,4.7,True
777,EMP016,PRJ005,2026-03-24,8.3,False
778,EMP016,PRJ005,2026-03-25,10.4,True
779,EMP016,PRJ005,2026-03-26,11.1,True
780,EMP016,PRJ005,2026-03-27,12.0,True
781,EMP016,PRJ005,2026-03-31,12.0,True
782,EMP016,PRJ005,2026-04-01,5.7,True
783,EMP016,PRJ005,2026-04-02,12.0,True
784,EMP016,PRJ005,2026-04-03,27.0,True
785,EMP016,PRJ005,2026-04-06,12.0,False
786,EMP016,PRJ005,2026-04-07,12.0,True
787,EMP016,PRJ005,2026-04-08,12.0,True
788,EMP016,PRJ005,2026-04-09,12.0,True
789,EMP016,PRJ005,2026-04-10,11.1,True
790,EMP016,PRJ005,2026-04-13,0.0,True
791,EMP016,PRJ005,2026-04-14,12.0,True
792,EMP016,PRJ005,2026-04-15,12.0,False
793,EMP016,PRJ005,2026-04-16,12.0,True
794,EMP011,PRJ005,2025-12-16,5.9,True
795,EMP011,PRJ005,2025-12-17,6.8,True
796,EMP011,PRJ005,2025-12-18,12.0,True
797,EMP011,PRJ005,2025-12-19,11.2,True
798,EMP011,PRJ005,2025-12-22,12.0,True
799,EMP011,PRJ005,2025-12-23,11.5,True
800,EMP011,PRJ005,2025-12-24,11.5,True
801,EMP011,PRJ005,2025-12-25,12.0,True
802,EMP011,PRJ005,2025-12-26,9.2,True
803,EMP011,PRJ005,2025-12-30,11.8,True
804,EMP011,PRJ005,2025-12-31,9.4,True
805,EMP011,PRJ005,2026-01-01,9.6,True
806,EMP011,PRJ005,2026-01-02,10.1,False
807,EMP011,PRJ005,2026-01-05,12.0,True
808,EMP011,PRJ005,2026-01-06,9.4,False
809,EMP011,PRJ005,2026-01-07,12.0,True
810,EMP011,PRJ005,2026-01-08,7.6,True
811,EMP011,PRJ005,2026-01-09,10.6,True
812,EMP011,PRJ005,2026-01-13,9.5,False
813,EMP011,PRJ005,2026-01-14,12.0,True
814,EMP011,PRJ005,2026-01-15,12.0,True
815,EMP011,PRJ005,2026-01-16,12.0,False
816,EMP011,PRJ005,2026-01-19,5.0,False
817,EMP011,PRJ005,2026-01-20,12.0,True
818,EMP011,PRJ005,2026-01-21,-4.0,True
819,EMP011,PRJ005,2026-01-22,11.8,True
820,EMP011,PRJ005,2026-01-23,12.0,True
821,EMP011,PRJ005,2026-01-26,9.2,True
822,EMP011,PRJ005,2026-01-27,12.0,False
823,EMP011,PRJ005,2026-01-29,12.0,True
824,EMP011,PRJ005,2026-01-30,9.9,True
825,EMP011,PRJ005,2026-02-02,9.5,True
826,EMP011,PRJ005,2026-02-03,12.0,True
827,EMP011,PRJ005,2026-02-04,12.0,True
828,EMP011,PRJ005,2026-02-05,9.2,True
829,EMP011,PRJ005,2026-02-06,9.6,True
830,EMP011,PRJ005,2026-02-09,10.2,True
831,EMP011,PRJ005,2026-02-10,5.6,True
832,EMP011,PRJ005,2026-02-11,7.5,True
833,EMP011,PRJ005,2026-02-12,7.1,True
834,EMP011,PRJ005,2026-02-16,8.1,True
835,EMP011,PRJ005,2026-02-17,11.3,True
836,EMP011,PRJ005,2026-02-18,12.0,True
837,EMP011,PRJ005,2026-02-19,12.0,True
838,EMP011,PRJ005,2026-02-20,7.1,True
839,EMP011,PRJ005,2026-02-23,12.0,True
840,EMP011,PRJ005,2026-02-24,10.5,True
841,EMP011,PRJ005,2026-02-25,11.2,True
842,EMP011,PRJ005,2026-02-26,27.0,True
843,EMP011,PRJ005,2026-03-02,6.6,True
844,EMP011,PRJ005,2026-03-04,12.0,True
845,EMP011,PRJ005,2026-03-05,12.0,True
846,EMP011,PRJ005,2026-03-06,12.0,True
847,EMP011,PRJ005,2026-03-09,12.0,True
848,EMP011,PRJ005,2026-03-11,12.0,True
849,EMP011,PRJ005,2026-03-12,8.7,True
850,EMP011,PRJ005,2026-03-13,9.1,True
851,EMP011,PRJ005,2026-03-16,8.7,True
852,EMP011,PRJ005,2026-03-17,9.0,True
853,EMP011,PRJ005,2026-03-18,8.7,False
854,EMP011,PRJ005,2026-03-19,12.0,True
855,EMP011,PRJ005,2026-03-20,12.0,False
856,EMP011,PRJ005,2026-03-23,9.0,True
857,EMP011,PRJ005,2026-03-24,7.8,True
858,EMP011,PRJ005,2026-03-25,12.0,True
859,EMP011,PRJ005,2026-03-26,9.0,False
860,EMP011,PRJ005,2026-03-27,12.0,True
861,EMP011,PRJ005,2026-03-30,12.0,True
862,EMP011,PRJ005,2026-03-31,4.9,True
863,EMP011,PRJ005,2026-04-01,12.0,True
864,EMP011,PRJ005,2026-04-02,12.0,True
865,EMP011,PRJ005,2026-04-03,8.8,True
866,EMP011,PRJ005,2026-04-06,9.8,True
867,EMP011,PRJ005,2026-04-07,12.0,True
868,EMP011,PRJ005,2026-04-08,12.0,True
869,EMP011,PRJ005,2026-04-09,12.0,False
870,EMP011,PRJ005,2026-04-10,12.0,False
871,EMP011,PRJ005,2026-04-13,10.7,True
872,EMP011,PRJ005,2026-04-14,8.0,True
873,EMP011,PRJ005,2026-04-15,5.5,True
874,EMP012,PRJ006,2025-12-08,3.0,True
875,EMP012,PRJ006,2025-12-09,4.2,True
876,EMP012,PRJ006,2025-12-10,7.5,False
877,EMP012,PRJ006,2025-12-11,3.4,True
878,EMP012,PRJ006,2025-12-12,4.7,True
879,EMP012,PRJ006,2025-12-15,4.3,True
880,EMP012,PRJ006,2025-12-16,6.4,True
881,EMP012,PRJ006,2025-12-17,8.9,True
882,EMP012,PRJ006,2025-12-18,3.3,True
883,EMP012,PRJ006,2025-12-19,3.4,True
884,EMP012,PRJ006,2025-12-22,6.2,True
885,EMP012,PRJ006,2025-12-23,5.5,True
886,EMP012,PRJ006,2025-12-25,7.6,True
887,EMP012,PRJ006,2025-12-26,5.4,True
888,EMP012,PRJ006,2025-12-29,3.7,True
889,EMP012,PRJ006,2025-12-30,5.4,True
890,EMP012,PRJ006,2025-12-31,6.3,True
891,EMP012,PRJ006,2026-01-01,5.8,False
892,EMP012,PRJ006,2026-01-02,5.2,False
893,EMP012,PRJ006,2026-01-05,6.2,True
894,EMP012,PRJ006,2026-01-06,6.4,True
895,EMP012,PRJ006,2026-01-07,6.8,True
896,EMP012,PRJ006,2026-01-08,5.5,True
897,EMP012,PRJ006,2026-01-09,4.0,True
898,EMP012,PRJ006,2026-01-14,4.6,True
899,EMP012,PRJ006,2026-01-15,6.5,True
900,EMP012,PRJ006,2026-01-16,2.8,True
901,EMP012,PRJ006,2026-01-19,5.0,True
902,EMP012,PRJ006,2026-01-20,3.6,True
903,EMP012,PRJ006,2026-01-21,4.4,True
904,EMP012,PRJ006,2026-01-22,6.6,True
905,EMP012,PRJ006,2026-01-23,4.6,True
906,EMP012,PRJ006,2026-01-26,4.4,True
907,EMP012,PRJ006,2026-01-27,1.8,True
908,EMP012,PRJ006,2026-01-28,5.7,False
909,EMP012,PRJ006,2026-01-29,5.5,True
910,EMP012,PRJ006,2026-01-30,8.2,True
911,EMP012,PRJ006,2026-02-02,3.7,True
912,EMP012,PRJ006,2026-02-03,4.7,False
913,EMP012,PRJ006,2026-02-04,4.8,True
914,EMP012,PRJ006,2026-02-05,7.2,True
915,EMP012,PRJ006,2026-02-06,4.1,True
916,EMP012,PRJ006,2026-02-10,4.8,True
917,EMP012,PRJ006,2026-02-11,5.4,True
918,EMP012,PRJ006,2026-02-12,-4.0,True
919,EMP012,PRJ006,2026-02-13,3.5,True
920,EMP012,PRJ006,2026-02-16,4.7,True
921,EMP012,PRJ006,2026-02-17,6.2,False
922,EMP012,PRJ006,2026-02-18,2.4,True
923,EMP012,PRJ006,2026-02-19,4.5,True
924,EMP012,PRJ006,2026-02-20,3.0,True
925,EMP012,PRJ006,2026-02-24,6.5,True
926,EMP012,PRJ006,2026-02-25,1.6,True
927,EMP012,PRJ006,2026-02-26,3.3,True
928,EMP012,PRJ006,2026-02-27,5.0,True
929,EMP012,PRJ006,2026-03-02,7.1,True
930,EMP012,PRJ006,2026-03-03,4.2,True
931,EMP012,PRJ006,2026-03-04,3.3,True
932,EMP012,PRJ006,2026-03-05,7.7,True
933,EMP004,PRJ006,2025-12-08,1.7,True
934,EMP004,PRJ006,2025-12-09,0.5,True
935,EMP004,PRJ006,2025-12-10,5.1,True
936,EMP004,PRJ006,2025-12-11,3.4,True
937,EMP004,PRJ006,2025-12-12,2.5,True
938,EMP004,PRJ006,2025-12-15,5.6,True
939,EMP004,PRJ006,2025-12-16,4.7,True
940,EMP004,PRJ006,2025-12-17,3.3,True
941,EMP004,PRJ006,2025-12-18,2.0,True
942,EMP004,PRJ006,2025-12-19,5.9,True
943,EMP004,PRJ006,2025-12-22,5.5,True
944,EMP004,PRJ006,2025-12-24,4.1,True
945,EMP004,PRJ006,2025-12-25,7.6,True
946,EMP004,PRJ006,2025-12-26,2.4,True
947,EMP004,PRJ006,2025-12-29,1.5,True
948,EMP004,PRJ006,2025-12-30,3.1,True
949,EMP004,PRJ006,2025-12-31,4.2,True
950,EMP004,PRJ006,2026-01-01,4.7,True
951,EMP004,PRJ006,2026-01-02,3.9,True
952,EMP004,PRJ006,2026-01-05,4.9,True
953,EMP004,PRJ006,2026-01-06,2.0,False
954,EMP004,PRJ006,2026-01-07,6.9,True
955,EMP004,PRJ006,2026-01-08,4.2,False
956,EMP004,PRJ006,2026-01-09,6.3,True
957,EMP004,PRJ006,2026-01-12,4.9,True
958,EMP004,PRJ006,2026-01-13,5.1,True
959,EMP004,PRJ006,2026-01-14,5.3,False
960,EMP004,PRJ006,2026-01-15,5.1,True
961,EMP004,PRJ006,2026-01-16,5.5,True
962,EMP004,PRJ006,2026-01-19,6.7,False
963,EMP004,PRJ006,2026-01-20,4.7,True
964,EMP004,PRJ006,2026-01-21,5.6,True
965,EMP004,PRJ006,2026-01-22,4.1,True
966,EMP004,PRJ006,2026-01-26,6.9,True
967,EMP004,PRJ006,2026-01-27,3.1,True
968,EMP004,PRJ006,2026-01-28,7.6,True
969,EMP004,PRJ006,2026-01-29,4.2,False
970,EMP004,PRJ006,2026-01-30,1.7,True
971,EMP004,PRJ006,2026-02-02,4.5,True
972,EMP004,PRJ006,2026-02-03,3.1,True
973,EMP004,PRJ006,2026-02-04,5.8,True
974,EMP004,PRJ006,2026-02-05,3.1,True
975,EMP004,PRJ006,2026-02-06,3.5,True
976,EMP004,PRJ006,2026-02-09,0.9,False
977,EMP004,PRJ006,2026-02-10,3.5,True
978,EMP004,PRJ006,2026-02-11,0.5,True
979,EMP004,PRJ006,2026-02-12,1.4,True
980,EMP004,PRJ006,2026-02-13,5.7,True
981,EMP004,PRJ006,2026-02-16,5.7,False
982,EMP004,PRJ006,2026-02-17,5.1,True
983,EMP004,PRJ006,2026-02-18,2.6,True
984,EMP004,PRJ006,2026-02-19,4.2,True
985,EMP004,PRJ006,2026-02-20,4.3,True
986,EMP004,PRJ006,2026-02-23,2.2,False
987,EMP004,PRJ006,2026-02-24,7.0,True
988,EMP004,PRJ006,2026-02-25,5.9,True
989,EMP004,PRJ006,2026-02-26,3.9,True
990,EMP004,PRJ006,2026-02-27,4.4,True
991,EMP004,PRJ006,2026-03-02,-4.0,True
992,EMP004,PRJ006,2026-03-03,27.0,True
993,EMP004,PRJ006,2026-03-04,3.9,False
994,EMP004,PRJ006,2026-03-05,3.1,True
995,EMP013,PRJ007,2026-02-10,4.1,True
996,EMP013,PRJ007,2026-02-11,6.1,True
997,EMP013,PRJ007,2026-02-12,11.7,True
998,EMP013,PRJ007,2026-02-13,8.6,True
999,EMP013,PRJ007,2026-02-16,5.3,True
1000,EMP013,PRJ007,2026-02-17,8.4,True
1001,EMP013,PRJ007,2026-02-18,10.6,True
1002,EMP013,PRJ007,2026-02-19,9.3,True
1003,EMP013,PRJ007,2026-02-20,7.0,True
1004,EMP013,PRJ007,2026-02-23,5.1,True
1005,EMP013,PRJ007,2026-02-24,8.7,True
1006,EMP013,PRJ007,2026-02-25,7.9,True
1007,EMP013,PRJ007,2026-02-26,9.3,True
1008,EMP013,PRJ007,2026-02-27,8.6,True
1009,EMP013,PRJ007,2026-03-02,9.7,True
1010,EMP013,PRJ007,2026-03-03,5.4,False
1011,EMP013,PRJ007,2026-03-04,10.4,True
1012,EMP013,PRJ007,2026-03-05,7.4,True
1013,EMP013,PRJ007,2026-03-06,12.0,True
1014,EMP013,PRJ007,2026-03-09,5.0,False
1015,EMP013,PRJ007,2026-03-10,11.5,True
1016,EMP013,PRJ007,2026-03-11,7.4,True
1017,EMP013,PRJ007,2026-03-12,5.1,True
1018,EMP013,PRJ007,2026-03-13,5.5,True
1019,EMP013,PRJ007,2026-03-16,6.0,True
1020,EMP013,PRJ007,2026-03-17,8.0,True
1021,EMP013,PRJ007,2026-03-18,8.2,True
1022,EMP013,PRJ007,2026-03-19,5.3,False
1023,EMP013,PRJ007,2026-03-20,6.8,False
1024,EMP013,PRJ007,2026-03-23,12.0,False
1025,EMP013,PRJ007,2026-03-24,11.5,True
1026,EMP013,PRJ007,2026-03-25,8.0,True
1027,EMP013,PRJ007,2026-03-26,6.9,True
1028,EMP013,PRJ007,2026-03-27,7.2,True
1029,EMP013,PRJ007,2026-03-30,8.5,True
1030,EMP013,PRJ007,2026-03-31,0.0,True
1031,EMP013,PRJ007,2026-04-01,27.0,True
1032,EMP013,PRJ007,2026-04-02,2.3,True
1033,EMP013,PRJ007,2026-04-06,7.9,True
1034,EMP013,PRJ007,2026-04-07,8.6,True
1035,EMP013,PRJ007,2026-04-08,5.5,True
1036,EMP013,PRJ007,2026-04-09,11.1,True
1037,EMP013,PRJ007,2026-04-10,3.5,True
1038,EMP013,PRJ007,2026-04-13,2.9,False
1039,EMP013,PRJ007,2026-04-14,7.4,True
1040,EMP013,PRJ007,2026-04-15,9.7,True
1041,EMP013,PRJ007,2026-04-16,11.4,True
1042,EMP013,PRJ007,2026-04-17,5.6,True
1043,EMP013,PRJ007,2026-04-20,9.7,True
1044,EMP013,PRJ007,2026-04-21,6.7,True
1045,EMP013,PRJ007,2026-04-23,6.4,True
1046,EMP013,PRJ007,2026-04-24,9.2,True
1047,EMP013,PRJ007,2026-04-27,8.6,True
1048,EMP013,PRJ007,2026-04-28,2.6,True
1049,EMP013,PRJ007,2026-04-29,10.8,True
1050,EMP013,PRJ007,2026-04-30,10.6,True
1051,EMP013,PRJ007,2026-05-01,5.2,True
1052,EMP013,PRJ007,2026-05-04,7.9,True
1053,EMP013,PRJ007,2026-05-05,8.2,True
1054,EMP013,PRJ007,2026-05-06,7.5,True
1055,EMP013,PRJ007,2026-05-07,5.4,False
1056,EMP013,PRJ007,2026-05-08,-4.0,True
1057,EMP013,PRJ007,2026-05-11,6.8,True
1058,EMP013,PRJ007,2026-05-12,10.0,True
1059,EMP013,PRJ007,2026-05-13,8.3,True
1060,EMP013,PRJ007,2026-05-14,5.8,False
1061,EMP013,PRJ007,2026-05-15,8.9,True
1062,EMP013,PRJ007,2026-05-19,0.5,True
1063,EMP013,PRJ007,2026-05-20,9.9,True
1064,EMP013,PRJ007,2026-05-22,2.2,True
1065,EMP013,PRJ007,2026-05-25,5.9,True
1066,EMP013,PRJ007,2026-05-26,3.8,True
1067,EMP003,PRJ007,2026-02-10,3.4,True
1068,EMP003,PRJ007,2026-02-11,10.0,True
1069,EMP003,PRJ007,2026-02-12,5.6,True
1070,EMP003,PRJ007,2026-02-13,7.8,True
1071,EMP003,PRJ007,2026-02-16,6.7,True
1072,EMP003,PRJ007,2026-02-17,8.1,True
1073,EMP003,PRJ007,2026-02-18,7.0,True
1074,EMP003,PRJ007,2026-02-20,3.4,True
1075,EMP003,PRJ007,2026-02-23,9.5,False
1076,EMP003,PRJ007,2026-02-24,5.5,True
1077,EMP003,PRJ007,2026-02-25,2.6,True
1078,EMP003,PRJ007,2026-02-26,5.7,True
1079,EMP003,PRJ007,2026-02-27,10.9,True
1080,EMP003,PRJ007,2026-03-02,9.1,True
1081,EMP003,PRJ007,2026-03-03,5.9,True
1082,EMP003,PRJ007,2026-03-04,5.9,True
1083,EMP003,PRJ007,2026-03-05,6.0,False
1084,EMP003,PRJ007,2026-03-06,12.0,True
1085,EMP003,PRJ007,2026-03-09,7.9,False
1086,EMP003,PRJ007,2026-03-10,8.0,True
1087,EMP003,PRJ007,2026-03-12,9.6,True
1088,EMP003,PRJ007,2026-03-13,7.5,True
1089,EMP003,PRJ007,2026-03-16,6.1,False
1090,EMP003,PRJ007,2026-03-17,6.3,True
1091,EMP003,PRJ007,2026-03-18,6.6,True
1092,EMP003,PRJ007,2026-03-20,6.7,True
1093,EMP003,PRJ007,2026-03-23,8.8,True
1094,EMP003,PRJ007,2026-03-24,7.0,False
1095,EMP003,PRJ007,2026-03-26,8.8,True
1096,EMP003,PRJ007,2026-03-27,6.6,True
1097,EMP003,PRJ007,2026-03-30,7.1,True
1098,EMP003,PRJ007,2026-03-31,1.5,True
1099,EMP003,PRJ007,2026-04-01,9.3,True
1100,EMP003,PRJ007,2026-04-02,7.8,True
1101,EMP003,PRJ007,2026-04-03,9.5,True
1102,EMP003,PRJ007,2026-04-06,0.5,True
1103,EMP003,PRJ007,2026-04-07,12.0,True
1104,EMP003,PRJ007,2026-04-08,6.5,True
1105,EMP003,PRJ007,2026-04-09,9.8,False
1106,EMP003,PRJ007,2026-04-10,4.0,True
1107,EMP003,PRJ007,2026-04-13,8.5,False
1108,EMP003,PRJ007,2026-04-14,4.0,True
1109,EMP003,PRJ007,2026-04-15,5.2,True
1110,EMP003,PRJ007,2026-04-16,12.0,False
1111,EMP003,PRJ007,2026-04-17,6.3,True
1112,EMP003,PRJ007,2026-04-20,7.4,True
1113,EMP003,PRJ007,2026-04-21,9.2,True
1114,EMP003,PRJ007,2026-04-22,8.2,True
1115,EMP003,PRJ007,2026-04-23,7.2,False
1116,EMP003,PRJ007,2026-04-24,7.8,True
1117,EMP003,PRJ007,2026-04-27,12.0,True
1118,EMP003,PRJ007,2026-04-28,6.7,True
1119,EMP003,PRJ007,2026-04-29,7.4,True
1120,EMP003,PRJ007,2026-04-30,9.7,True
1121,EMP003,PRJ007,2026-05-01,9.8,True
1122,EMP003,PRJ007,2026-05-04,10.0,True
1123,EMP003,PRJ007,2026-05-05,8.6,True
1124,EMP003,PRJ007,2026-05-06,3.8,True
1125,EMP003,PRJ007,2026-05-07,11.2,True
1126,EMP003,PRJ007,2026-05-08,3.8,True
1127,EMP003,PRJ007,2026-05-12,7.7,True
1128,EMP003,PRJ007,2026-05-13,4.8,True
1129,EMP003,PRJ007,2026-05-14,6.7,True
1130,EMP003,PRJ007,2026-05-15,7.7,True
1131,EMP003,PRJ007,2026-05-18,7.7,True
1132,EMP003,PRJ007,2026-05-19,8.0,False
1133,EMP003,PRJ007,2026-05-20,11.2,True
1134,EMP003,PRJ007,2026-05-21,8.1,True
1135,EMP003,PRJ007,2026-05-22,6.2,True
1136,EMP003,PRJ007,2026-05-25,9.4,True
1137,EMP007,PRJ007,2026-02-10,10.0,True
1138,EMP007,PRJ007,2026-02-11,3.5,True
1139,EMP007,PRJ007,2026-02-12,8.4,True
1140,EMP007,PRJ007,2026-02-13,8.7,True
1141,EMP007,PRJ007,2026-02-16,6.0,True
1142,EMP007,PRJ007,2026-02-17,10.5,True
1143,EMP007,PRJ007,2026-02-18,6.4,True
1144,EMP007,PRJ007,2026-02-19,7.2,True
1145,EMP007,PRJ007,2026-02-20,6.4,True
1146,EMP007,PRJ007,2026-02-23,6.9,True
1147,EMP007,PRJ007,2026-02-25,3.9,True
1148,EMP007,PRJ007,2026-02-26,3.0,True
1149,EMP007,PRJ007,2026-02-27,11.1,True
1150,EMP007,PRJ007,2026-03-02,4.6,True
1151,EMP007,PRJ007,2026-03-03,4.2,True
1152,EMP007,PRJ007,2026-03-04,1.0,True
1153,EMP007,PRJ007,2026-03-05,5.1,True
1154,EMP007,PRJ007,2026-03-06,3.3,False
1155,EMP007,PRJ007,2026-03-09,11.3,True
1156,EMP007,PRJ007,2026-03-10,9.6,False
1157,EMP007,PRJ007,2026-03-11,5.0,False
1158,EMP007,PRJ007,2026-03-12,12.0,False
1159,EMP007,PRJ007,2026-03-13,9.5,True
1160,EMP007,PRJ007,2026-03-16,6.0,True
1161,EMP007,PRJ007,2026-03-17,0.5,True
1162,EMP007,PRJ007,2026-03-18,12.0,True
1163,EMP007,PRJ007,2026-03-19,3.1,True
1164,EMP007,PRJ007,2026-03-20,2.4,True
1165,EMP007,PRJ007,2026-03-23,9.6,True
1166,EMP007,PRJ007,2026-03-24,12.0,True
1167,EMP007,PRJ007,2026-03-25,10.6,False
1168,EMP007,PRJ007,2026-03-26,8.4,False
1169,EMP007,PRJ007,2026-03-27,8.4,True
1170,EMP007,PRJ007,2026-03-30,9.1,True
1171,EMP007,PRJ007,2026-03-31,8.9,True
1172,EMP007,PRJ007,2026-04-01,7.6,True
1173,EMP007,PRJ007,2026-04-02,7.1,True
1174,EMP007,PRJ007,2026-04-03,6.7,True
1175,EMP007,PRJ007,2026-04-06,4.8,True
1176,EMP007,PRJ007,2026-04-08,6.1,True
1177,EMP007,PRJ007,2026-04-09,2.3,True
1178,EMP007,PRJ007,2026-04-10,6.6,True
1179,EMP007,PRJ007,2026-04-13,4.2,True
1180,EMP007,PRJ007,2026-04-14,3.9,True
1181,EMP007,PRJ007,2026-04-15,7.3,True
1182,EMP007,PRJ007,2026-04-16,10.6,True
1183,EMP007,PRJ007,2026-04-17,9.3,False
1184,EMP007,PRJ007,2026-04-20,0.0,True
1185,EMP007,PRJ007,2026-04-21,4.2,True
1186,EMP007,PRJ007,2026-04-22,9.4,True
1187,EMP007,PRJ007,2026-04-23,4.2,False
1188,EMP007,PRJ007,2026-04-24,6.2,True
1189,EMP007,PRJ007,2026-04-27,8.3,True
1190,EMP007,PRJ007,2026-04-28,4.2,True
1191,EMP007,PRJ007,2026-04-29,7.1,True
1192,EMP007,PRJ007,2026-05-01,3.2,True
1193,EMP007,PRJ007,2026-05-04,5.2,False
1194,EMP007,PRJ007,2026-05-05,7.7,True
1195,EMP007,PRJ007,2026-05-07,2.5,True
1196,EMP007,PRJ007,2026-05-08,8.0,True
1197,EMP007,PRJ007,2026-05-11,6.8,True
1198,EMP007,PRJ007,2026-05-12,8.3,True
1199,EMP007,PRJ007,2026-05-13,7.4,True
1200,EMP007,PRJ007,2026-05-14,10.5,True
1201,EMP007,PRJ007,2026-05-15,7.2,True
1202,EMP007,PRJ007,2026-05-18,5.7,True
1203,EMP007,PRJ007,2026-05-19,7.2,True
1204,EMP007,PRJ007,2026-05-20,8.3,True
1205,EMP007,PRJ007,2026-05-21,7.0,True
1206,EMP007,PRJ007,2026-05-22,6.9,True
1207,EMP007,PRJ007,2026-05-25,4.9,True
1208,EMP012,PRJ007,2026-02-10,5.1,False
1209,EMP012,PRJ007,2026-02-11,3.1,True
1210,EMP012,PRJ007,2026-02-12,11.6,True
1211,EMP012,PRJ007,2026-02-13,3.5,True
1212,EMP012,PRJ007,2026-02-16,5.0,True
1213,EMP012,PRJ007,2026-02-17,4.9,False
1214,EMP012,PRJ007,2026-02-18,9.3,True
1215,EMP012,PRJ007,2026-02-19,6.0,True
1216,EMP012,PRJ007,2026-02-20,10.2,True
1217,EMP012,PRJ007,2026-02-24,5.0,True
1218,EMP012,PRJ007,2026-02-25,7.6,True
1219,EMP012,PRJ007,2026-02-26,4.6,True
1220,EMP012,PRJ007,2026-02-27,12.0,True
1221,EMP012,PRJ007,2026-03-02,3.6,False
1222,EMP012,PRJ007,2026-03-03,7.7,True
1223,EMP012,PRJ007,2026-03-04,8.5,True
1224,EMP012,PRJ007,2026-03-05,8.0,False
1225,EMP012,PRJ007,2026-03-06,6.3,False
1226,EMP012,PRJ007,2026-03-09,6.5,True
1227,EMP012,PRJ007,2026-03-10,-4.0,False
1228,EMP012,PRJ007,2026-03-11,6.4,True
1229,EMP012,PRJ007,2026-03-12,9.4,True
1230,EMP012,PRJ007,2026-03-13,12.0,True
1231,EMP012,PRJ007,2026-03-16,5.3,True
1232,EMP012,PRJ007,2026-03-17,3.1,True
1233,EMP012,PRJ007,2026-03-18,6.6,True
1234,EMP012,PRJ007,2026-03-19,12.0,True
1235,EMP012,PRJ007,2026-03-20,4.7,False
1236,EMP012,PRJ007,2026-03-23,11.3,False
1237,EMP012,PRJ007,2026-03-24,11.4,False
1238,EMP012,PRJ007,2026-03-25,5.3,True
1239,EMP012,PRJ007,2026-03-26,8.4,True
1240,EMP012,PRJ007,2026-03-27,11.2,True
1241,EMP012,PRJ007,2026-03-30,5.8,True
1242,EMP012,PRJ007,2026-03-31,6.3,True
1243,EMP012,PRJ007,2026-04-01,5.3,True
1244,EMP012,PRJ007,2026-04-02,4.1,True
1245,EMP012,PRJ007,2026-04-03,5.1,True
1246,EMP012,PRJ007,2026-04-06,3.5,True
1247,EMP012,PRJ007,2026-04-07,6.9,True
1248,EMP012,PRJ007,2026-04-08,4.8,False
1249,EMP012,PRJ007,2026-04-09,7.5,True
1250,EMP012,PRJ007,2026-04-10,0.0,True
1251,EMP012,PRJ007,2026-04-13,7.7,True
1252,EMP012,PRJ007,2026-04-15,9.1,True
1253,EMP012,PRJ007,2026-04-16,1.5,True
1254,EMP012,PRJ007,2026-04-17,7.8,True
1255,EMP012,PRJ007,2026-04-20,10.1,True
1256,EMP012,PRJ007,2026-04-21,3.6,False
1257,EMP012,PRJ007,2026-04-22,11.3,True
1258,EMP012,PRJ007,2026-04-23,8.0,True
1259,EMP012,PRJ007,2026-04-24,4.9,True
1260,EMP012,PRJ007,2026-04-27,6.7,True
1261,EMP012,PRJ007,2026-04-28,8.3,True
1262,EMP012,PRJ007,2026-04-29,7.0,True
1263,EMP012,PRJ007,2026-04-30,8.3,True
1264,EMP012,PRJ007,2026-05-01,4.4,True
1265,EMP012,PRJ007,2026-05-04,7.3,True
1266,EMP012,PRJ007,2026-05-05,3.0,True
1267,EMP012,PRJ007,2026-05-06,6.5,False
1268,EMP012,PRJ007,2026-05-07,4.4,True
1269,EMP012,PRJ007,2026-05-08,4.9,True
1270,EMP012,PRJ007,2026-05-11,10.2,True
1271,EMP012,PRJ007,2026-05-12,9.8,True
1272,EMP012,PRJ007,2026-05-14,8.5,True
1273,EMP012,PRJ007,2026-05-15,3.9,True
1274,EMP012,PRJ007,2026-05-18,6.0,True
1275,EMP012,PRJ007,2026-05-19,10.1,True
1276,EMP012,PRJ007,2026-05-20,7.2,True
1277,EMP012,PRJ007,2026-05-21,12.0,True
1278,EMP012,PRJ007,2026-05-22,7.9,True
1279,EMP012,PRJ007,2026-05-25,7.4,True
1280,EMP012,PRJ007,2026-05-26,6.0,True
1281,EMP015,PRJ008,2026-03-24,3.0,True
1282,EMP015,PRJ008,2026-03-25,2.6,True
1283,EMP015,PRJ008,2026-03-26,3.7,True
1284,EMP015,PRJ008,2026-03-27,4.0,True
1285,EMP015,PRJ008,2026-03-30,1.8,True
1286,EMP015,PRJ008,2026-03-31,1.1,False
1287,EMP015,PRJ008,2026-04-01,0.5,True
1288,EMP015,PRJ008,2026-04-02,3.5,True
1289,EMP015,PRJ008,2026-04-03,1.4,True
1290,EMP015,PRJ008,2026-04-06,0.5,True
1291,EMP015,PRJ008,2026-04-07,3.3,True
1292,EMP015,PRJ008,2026-04-08,6.0,False
1293,EMP015,PRJ008,2026-04-09,2.8,True
1294,EMP015,PRJ008,2026-04-10,3.9,True
1295,EMP015,PRJ008,2026-04-14,2.9,True
1296,EMP015,PRJ008,2026-04-15,2.7,True
1297,EMP015,PRJ008,2026-04-16,4.0,False
1298,EMP015,PRJ008,2026-04-20,2.4,True
1299,EMP015,PRJ008,2026-04-21,3.2,True
1300,EMP015,PRJ008,2026-04-22,3.2,True
1301,EMP015,PRJ008,2026-04-23,2.0,True
1302,EMP015,PRJ008,2026-04-24,4.1,False
1303,EMP015,PRJ008,2026-04-27,2.6,True
1304,EMP015,PRJ008,2026-04-28,1.8,True
1305,EMP015,PRJ008,2026-04-29,3.5,True
1306,EMP015,PRJ008,2026-04-30,1.7,True
1307,EMP015,PRJ008,2026-05-01,2.8,True
1308,EMP015,PRJ008,2026-05-05,2.8,True
1309,EMP015,PRJ008,2026-05-06,4.2,False
1310,EMP015,PRJ008,2026-05-07,3.4,False
1311,EMP015,PRJ008,2026-05-08,2.8,True
1312,EMP015,PRJ008,2026-05-12,3.9,True
1313,EMP015,PRJ008,2026-05-13,4.6,True
1314,EMP015,PRJ008,2026-05-14,3.5,False
1315,EMP015,PRJ008,2026-05-15,-4.0,True
1316,EMP015,PRJ008,2026-05-18,1.1,True
1317,EMP015,PRJ008,2026-05-19,1.4,True
1318,EMP015,PRJ008,2026-05-20,2.4,False
1319,EMP015,PRJ008,2026-05-21,2.0,True
1320,EMP015,PRJ008,2026-05-22,2.6,True
1321,EMP015,PRJ008,2026-05-25,2.9,True
1322,EMP015,PRJ008,2026-05-26,3.5,True
1323,EMP015,PRJ008,2026-05-27,2.7,True
1324,EMP015,PRJ008,2026-05-28,3.4,True
1325,EMP015,PRJ008,2026-05-29,2.9,True
1326,EMP015,PRJ008,2026-06-01,0.5,False
1327,EMP015,PRJ008,2026-06-02,1.6,True
1328,EMP015,PRJ008,2026-06-03,2.6,False
1329,EMP015,PRJ008,2026-06-04,1.3,True
1330,EMP015,PRJ008,2026-06-05,3.6,True
1331,EMP015,PRJ008,2026-06-08,4.8,True
1332,EMP015,PRJ008,2026-06-09,4.4,True
1333,EMP015,PRJ008,2026-06-10,2.5,True
1334,EMP015,PRJ008,2026-06-11,4.7,True
1335,EMP015,PRJ008,2026-06-12,3.0,False
1336,EMP015,PRJ008,2026-06-15,2.4,True
1337,EMP015,PRJ008,2026-06-16,2.0,True
1338,EMP015,PRJ008,2026-06-17,2.4,False
1339,EMP015,PRJ008,2026-06-18,2.3,False
1340,EMP015,PRJ008,2026-06-19,3.0,True
1341,EMP015,PRJ008,2026-06-23,3.0,True
1342,EMP015,PRJ008,2026-06-24,2.8,True
1343,EMP015,PRJ008,2026-06-25,3.4,True
1344,EMP015,PRJ008,2026-06-26,4.3,True
1345,EMP015,PRJ008,2026-06-29,4.0,False
1346,EMP015,PRJ008,2026-06-30,0.9,True
1347,EMP015,PRJ008,2026-07-01,0.5,True
1348,EMP015,PRJ008,2026-07-02,4.0,False
1349,EMP015,PRJ008,2026-07-06,1.1,True
1350,EMP015,PRJ008,2026-07-07,2.5,True
1351,EMP015,PRJ008,2026-07-08,1.3,True
1352,EMP015,PRJ008,2026-07-09,0.5,True
1353,EMP015,PRJ008,2026-07-10,3.5,True
1354,EMP015,PRJ008,2026-07-13,3.8,False
1355,EMP015,PRJ008,2026-07-14,2.1,False
1356,EMP015,PRJ008,2026-07-15,0.5,True
1357,EMP015,PRJ008,2026-07-16,2.1,True
1358,EMP015,PRJ008,2026-07-17,3.3,False
1359,EMP015,PRJ008,2026-07-20,0.9,True
1360,EMP015,PRJ008,2026-07-21,3.0,True
1361,EMP015,PRJ008,2026-07-22,2.8,True
1362,EMP015,PRJ008,2026-07-24,3.6,True
1363,EMP015,PRJ008,2026-07-27,3.0,True
1364,EMP015,PRJ008,2026-07-28,1.6,True
1365,EMP015,PRJ008,2026-07-29,4.3,True
1366,EMP015,PRJ008,2026-07-30,2.6,True
1367,EMP015,PRJ008,2026-07-31,2.8,True
1368,EMP015,PRJ008,2026-08-03,1.6,True
1369,EMP015,PRJ008,2026-08-04,2.2,True
1370,EMP015,PRJ008,2026-08-05,1.7,True
1371,EMP015,PRJ008,2026-08-06,2.6,True
1372,EMP015,PRJ008,2026-08-07,5.0,True
1373,EMP015,PRJ008,2026-08-11,1.0,True
1374,EMP015,PRJ008,2026-08-12,0.7,True
1375,EMP015,PRJ008,2026-08-13,4.7,True
1376,EMP015,PRJ008,2026-08-17,2.5,True
1377,EMP015,PRJ008,2026-08-18,2.0,True
1378,EMP015,PRJ008,2026-08-20,4.1,True
1379,EMP015,PRJ008,2026-08-21,2.0,True
1380,EMP015,PRJ008,2026-08-25,5.2,True
1381,EMP015,PRJ008,2026-08-26,3.7,True
1382,EMP015,PRJ008,2026-08-27,2.2,False
1383,EMP015,PRJ008,2026-08-28,5.6,True
1384,EMP015,PRJ008,2026-08-31,2.0,True
1385,EMP015,PRJ008,2026-09-01,3.8,False
1386,EMP015,PRJ008,2026-09-02,3.2,True
1387,EMP015,PRJ008,2026-09-03,4.5,True
1388,EMP015,PRJ008,2026-09-04,4.8,True
1389,EMP015,PRJ008,2026-09-07,2.9,True
1390,EMP002,PRJ008,2026-03-23,1.8,True
1391,EMP002,PRJ008,2026-03-25,3.4,False
1392,EMP002,PRJ008,2026-03-26,1.9,True
1393,EMP002,PRJ008,2026-03-27,5.4,True
1394,EMP002,PRJ008,2026-03-30,3.0,True
1395,EMP002,PRJ008,2026-03-31,2.3,True
1396,EMP002,PRJ008,2026-04-01,3.0,True
1397,EMP002,PRJ008,2026-04-02,1.1,False
1398,EMP002,PRJ008,2026-04-06,1.6,True
1399,EMP002,PRJ008,2026-04-07,4.4,True
1400,EMP002,PRJ008,2026-04-08,2.0,True
1401,EMP002,PRJ008,2026-04-09,1.5,True
1402,EMP002,PRJ008,2026-04-10,3.5,True
1403,EMP002,PRJ008,2026-04-14,4.3,True
1404,EMP002,PRJ008,2026-04-15,3.7,True
1405,EMP002,PRJ008,2026-04-16,4.1,True
1406,EMP002,PRJ008,2026-04-17,1.8,False
1407,EMP002,PRJ008,2026-04-20,1.0,True
1408,EMP002,PRJ008,2026-04-21,4.7,True
1409,EMP002,PRJ008,2026-04-22,2.4,True
1410,EMP002,PRJ008,2026-04-23,2.5,True
1411,EMP002,PRJ008,2026-04-24,4.5,True
1412,EMP002,PRJ008,2026-04-27,3.5,True
1413,EMP002,PRJ008,2026-04-28,3.4,True
1414,EMP002,PRJ008,2026-04-29,5.6,True
1415,EMP002,PRJ008,2026-04-30,2.0,True
1416,EMP002,PRJ008,2026-05-01,4.0,True
1417,EMP002,PRJ008,2026-05-04,2.9,True
1418,EMP002,PRJ008,2026-05-05,3.2,True
1419,EMP002,PRJ008,2026-05-06,4.8,True
1420,EMP002,PRJ008,2026-05-07,3.5,True
1421,EMP002,PRJ008,2026-05-08,3.5,False
1422,EMP002,PRJ008,2026-05-11,4.2,True
1423,EMP002,PRJ008,2026-05-12,2.3,False
1424,EMP002,PRJ008,2026-05-13,1.7,True
1425,EMP002,PRJ008,2026-05-14,1.5,True
1426,EMP002,PRJ008,2026-05-18,0.5,True
1427,EMP002,PRJ008,2026-05-19,5.4,True
1428,EMP002,PRJ008,2026-05-20,1.4,True
1429,EMP002,PRJ008,2026-05-21,2.5,True
1430,EMP002,PRJ008,2026-05-22,2.5,True
1431,EMP002,PRJ008,2026-05-25,3.2,True
1432,EMP002,PRJ008,2026-05-26,3.9,True
1433,EMP002,PRJ008,2026-05-27,3.9,True
1434,EMP002,PRJ008,2026-05-28,2.1,False
1435,EMP002,PRJ008,2026-05-29,2.6,True
1436,EMP002,PRJ008,2026-06-01,3.2,True
1437,EMP002,PRJ008,2026-06-02,2.5,True
1438,EMP002,PRJ008,2026-06-03,4.9,True
1439,EMP002,PRJ008,2026-06-04,-4.0,False
1440,EMP002,PRJ008,2026-06-05,3.8,True
1441,EMP002,PRJ008,2026-06-08,3.7,True
1442,EMP002,PRJ008,2026-06-09,4.3,False
1443,EMP002,PRJ008,2026-06-10,3.0,True
1444,EMP002,PRJ008,2026-06-11,1.1,True
1445,EMP002,PRJ008,2026-06-12,3.3,True
1446,EMP002,PRJ008,2026-06-15,2.0,True
1447,EMP002,PRJ008,2026-06-16,2.1,True
1448,EMP002,PRJ008,2026-06-17,3.6,False
1449,EMP002,PRJ008,2026-06-18,4.4,True
1450,EMP002,PRJ008,2026-06-19,2.8,True
1451,EMP002,PRJ008,2026-06-22,3.2,True
1452,EMP002,PRJ008,2026-06-23,5.0,True
1453,EMP002,PRJ008,2026-06-25,3.1,True
1454,EMP002,PRJ008,2026-06-26,6.1,False
1455,EMP002,PRJ008,2026-06-29,3.5,True
1456,EMP002,PRJ008,2026-07-01,0.5,True
1457,EMP002,PRJ008,2026-07-03,3.8,True
1458,EMP002,PRJ008,2026-07-06,3.3,True
1459,EMP002,PRJ008,2026-07-07,4.5,True
1460,EMP002,PRJ008,2026-07-08,3.7,True
1461,EMP002,PRJ008,2026-07-09,2.6,True
1462,EMP002,PRJ008,2026-07-10,1.2,True
1463,EMP002,PRJ008,2026-07-13,2.5,True
1464,EMP002,PRJ008,2026-07-14,1.7,True
1465,EMP002,PRJ008,2026-07-15,2.1,True
1466,EMP002,PRJ008,2026-07-16,3.6,True
1467,EMP002,PRJ008,2026-07-20,5.0,True
1468,EMP002,PRJ008,2026-07-21,3.3,True
1469,EMP002,PRJ008,2026-07-22,1.3,True
1470,EMP002,PRJ008,2026-07-24,3.4,False
1471,EMP002,PRJ008,2026-07-27,4.3,True
1472,EMP002,PRJ008,2026-07-29,2.0,True
1473,EMP002,PRJ008,2026-07-30,2.6,False
1474,EMP002,PRJ008,2026-08-03,2.8,False
1475,EMP002,PRJ008,2026-08-04,1.8,True
1476,EMP002,PRJ008,2026-08-05,3.6,True
1477,EMP002,PRJ008,2026-08-06,2.7,True
1478,EMP002,PRJ008,2026-08-07,3.3,True
1479,EMP002,PRJ008,2026-08-10,1.7,True
1480,EMP002,PRJ008,2026-08-12,2.2,True
1481,EMP002,PRJ008,2026-08-13,3.7,True
1482,EMP002,PRJ008,2026-08-14,2.3,True
1483,EMP002,PRJ008,2026-08-18,5.0,True
1484,EMP002,PRJ008,2026-08-19,2.3,False
1485,EMP002,PRJ008,2026-08-20,3.1,True
1486,EMP002,PRJ008,2026-08-21,4.0,False
1487,EMP002,PRJ008,2026-08-24,1.0,False
1488,EMP002,PRJ008,2026-08-25,0.5,True
1489,EMP002,PRJ008,2026-08-26,0.9,True
1490,EMP002,PRJ008,2026-08-27,4.4,True
1491,EMP002,PRJ008,2026-08-28,2.1,True
1492,EMP002,PRJ008,2026-08-31,6.1,True
1493,EMP002,PRJ008,2026-09-01,2.1,True
1494,EMP002,PRJ008,2026-09-02,3.0,False
1495,EMP002,PRJ008,2026-09-04,4.8,True
1496,EMP002,PRJ008,2026-09-07,5.4,True
1497,EMP024,PRJ009,2026-01-30,10.1,False
1498,EMP024,PRJ009,2026-02-02,8.2,True
1499,EMP024,PRJ009,2026-02-03,7.8,False
1500,EMP024,PRJ009,2026-02-04,6.8,True
1501,EMP024,PRJ009,2026-02-05,7.2,True
1502,EMP024,PRJ009,2026-02-06,4.3,True
1503,EMP024,PRJ009,2026-02-09,3.7,True
1504,EMP024,PRJ009,2026-02-10,5.5,True
1505,EMP024,PRJ009,2026-02-11,5.1,True
1506,EMP024,PRJ009,2026-02-12,4.5,True
1507,EMP024,PRJ009,2026-02-13,7.0,True
1508,EMP024,PRJ009,2026-02-16,7.6,True
1509,EMP024,PRJ009,2026-02-17,5.7,False
1510,EMP024,PRJ009,2026-02-18,8.8,True
1511,EMP024,PRJ009,2026-02-19,3.0,True
1512,EMP024,PRJ009,2026-02-20,5.1,True
1513,EMP024,PRJ009,2026-02-23,3.9,True
1514,EMP024,PRJ009,2026-02-24,1.3,True
1515,EMP024,PRJ009,2026-02-25,5.3,True
1516,EMP024,PRJ009,2026-02-26,5.2,False
1517,EMP024,PRJ009,2026-02-27,8.9,True
1518,EMP024,PRJ009,2026-03-02,6.9,True
1519,EMP024,PRJ009,2026-03-03,3.2,True
1520,EMP024,PRJ009,2026-03-04,9.6,True
1521,EMP024,PRJ009,2026-03-05,8.2,False
1522,EMP024,PRJ009,2026-03-06,6.8,True
1523,EMP024,PRJ009,2026-03-09,5.0,True
1524,EMP024,PRJ009,2026-03-10,3.4,True
1525,EMP024,PRJ009,2026-03-11,4.7,True
1526,EMP024,PRJ009,2026-03-12,7.9,True
1527,EMP024,PRJ009,2026-03-13,9.7,True
1528,EMP024,PRJ009,2026-03-16,8.9,True
1529,EMP024,PRJ009,2026-03-17,4.4,True
1530,EMP024,PRJ009,2026-03-18,3.0,True
1531,EMP024,PRJ009,2026-03-19,5.8,True
1532,EMP024,PRJ009,2026-03-20,1.6,True
1533,EMP024,PRJ009,2026-03-24,6.2,True
1534,EMP024,PRJ009,2026-03-25,5.2,True
1535,EMP024,PRJ009,2026-03-26,4.5,False
1536,EMP024,PRJ009,2026-03-27,2.0,True
1537,EMP024,PRJ009,2026-03-30,6.6,True
1538,EMP024,PRJ009,2026-03-31,4.3,True
1539,EMP024,PRJ009,2026-04-01,2.9,False
1540,EMP024,PRJ009,2026-04-02,0.5,True
1541,EMP024,PRJ009,2026-04-03,5.4,True
1542,EMP024,PRJ009,2026-04-06,9.4,True
1543,EMP024,PRJ009,2026-04-07,9.2,True
1544,EMP024,PRJ009,2026-04-08,4.5,False
1545,EMP024,PRJ009,2026-04-09,4.2,True
1546,EMP024,PRJ009,2026-04-10,6.5,True
1547,EMP024,PRJ009,2026-04-13,3.3,True
1548,EMP024,PRJ009,2026-04-14,6.2,True
1549,EMP024,PRJ009,2026-04-15,7.2,True
1550,EMP024,PRJ009,2026-04-16,8.2,False
1551,EMP024,PRJ009,2026-04-20,5.3,True
1552,EMP024,PRJ009,2026-04-21,5.0,True
1553,EMP024,PRJ009,2026-04-22,3.5,True
1554,EMP024,PRJ009,2026-04-23,3.7,True
1555,EMP024,PRJ009,2026-04-27,5.0,True
1556,EMP024,PRJ009,2026-04-28,6.3,True
1557,EMP024,PRJ009,2026-04-29,7.5,False
1558,EMP024,PRJ009,2026-04-30,3.7,True
1559,EMP024,PRJ009,2026-05-01,8.8,True
1560,EMP024,PRJ009,2026-05-04,4.9,True
1561,EMP024,PRJ009,2026-05-05,5.4,False
1562,EMP024,PRJ009,2026-05-06,3.8,True
1563,EMP024,PRJ009,2026-05-08,0.5,True
1564,EMP024,PRJ009,2026-05-11,7.5,True
1565,EMP024,PRJ009,2026-05-12,7.1,True
1566,EMP024,PRJ009,2026-05-13,4.9,True
1567,EMP024,PRJ009,2026-05-14,5.6,False
1568,EMP024,PRJ009,2026-05-15,6.6,False
1569,EMP024,PRJ009,2026-05-18,2.0,True
1570,EMP024,PRJ009,2026-05-19,4.3,False
1571,EMP024,PRJ009,2026-05-20,7.3,True
1572,EMP024,PRJ009,2026-05-21,2.7,True
1573,EMP024,PRJ009,2026-05-22,6.1,True
1574,EMP024,PRJ009,2026-05-27,2.5,True
1575,EMP024,PRJ009,2026-05-28,6.5,False
1576,EMP024,PRJ009,2026-05-29,5.4,True
1577,EMP024,PRJ009,2026-06-02,1.9,True
1578,EMP024,PRJ009,2026-06-03,8.1,True
1579,EMP024,PRJ009,2026-06-05,3.9,True
1580,EMP024,PRJ009,2026-06-08,3.7,True
1581,EMP015,PRJ009,2026-01-30,5.9,True
1582,EMP015,PRJ009,2026-02-02,8.1,True
1583,EMP015,PRJ009,2026-02-03,3.2,True
1584,EMP015,PRJ009,2026-02-04,5.6,True
1585,EMP015,PRJ009,2026-02-05,6.4,True
1586,EMP015,PRJ009,2026-02-06,7.0,True
1587,EMP015,PRJ009,2026-02-09,5.9,True
1588,EMP015,PRJ009,2026-02-10,4.7,False
1589,EMP015,PRJ009,2026-02-11,3.7,True
1590,EMP015,PRJ009,2026-02-12,5.7,True
1591,EMP015,PRJ009,2026-02-13,3.1,True
1592,EMP015,PRJ009,2026-02-16,0.5,True
1593,EMP015,PRJ009,2026-02-17,6.5,True
1594,EMP015,PRJ009,2026-02-18,7.5,True
1595,EMP015,PRJ009,2026-02-19,0.5,True
1596,EMP015,PRJ009,2026-02-20,3.3,True
1597,EMP015,PRJ009,2026-02-23,6.9,True
1598,EMP015,PRJ009,2026-02-24,10.1,True
1599,EMP015,PRJ009,2026-02-25,5.5,True
1600,EMP015,PRJ009,2026-02-26,3.9,True
1601,EMP015,PRJ009,2026-02-27,5.1,False
1602,EMP015,PRJ009,2026-03-02,8.6,True
1603,EMP015,PRJ009,2026-03-03,-4.0,True
1604,EMP015,PRJ009,2026-03-04,3.7,True
1605,EMP015,PRJ009,2026-03-05,4.4,True
1606,EMP015,PRJ009,2026-03-06,3.4,True
1607,EMP015,PRJ009,2026-03-09,5.8,False
1608,EMP015,PRJ009,2026-03-10,9.1,True
1609,EMP015,PRJ009,2026-03-11,6.2,True
1610,EMP015,PRJ009,2026-03-12,4.9,True
1611,EMP015,PRJ009,2026-03-13,4.8,True
1612,EMP015,PRJ009,2026-03-16,2.0,True
1613,EMP015,PRJ009,2026-03-17,7.5,True
1614,EMP015,PRJ009,2026-03-18,5.3,True
1615,EMP015,PRJ009,2026-03-19,5.1,True
1616,EMP015,PRJ009,2026-03-20,12.0,True
1617,EMP015,PRJ009,2026-03-23,6.2,True
1618,EMP015,PRJ009,2026-03-24,3.8,True
1619,EMP015,PRJ009,2026-03-25,4.5,True
1620,EMP015,PRJ009,2026-03-26,8.1,True
1621,EMP015,PRJ009,2026-03-27,5.7,True
1622,EMP015,PRJ009,2026-03-30,2.3,False
1623,EMP015,PRJ009,2026-03-31,7.5,True
1624,EMP015,PRJ009,2026-04-01,4.0,True
1625,EMP015,PRJ009,2026-04-02,9.7,True
1626,EMP015,PRJ009,2026-04-03,7.9,True
1627,EMP015,PRJ009,2026-04-06,4.5,False
1628,EMP015,PRJ009,2026-04-08,8.3,True
1629,EMP015,PRJ009,2026-04-09,5.6,True
1630,EMP015,PRJ009,2026-04-10,7.4,True
1631,EMP015,PRJ009,2026-04-13,6.6,True
1632,EMP015,PRJ009,2026-04-14,3.6,True
1633,EMP015,PRJ009,2026-04-15,4.1,True
1634,EMP015,PRJ009,2026-04-16,7.8,True
1635,EMP015,PRJ009,2026-04-17,4.8,True
1636,EMP015,PRJ009,2026-04-20,4.6,True
1637,EMP015,PRJ009,2026-04-21,3.4,True
1638,EMP015,PRJ009,2026-04-22,6.4,True
1639,EMP015,PRJ009,2026-04-23,10.1,True
1640,EMP015,PRJ009,2026-04-24,3.1,True
1641,EMP015,PRJ009,2026-04-28,5.6,True
1642,EMP015,PRJ009,2026-04-29,8.6,True
1643,EMP015,PRJ009,2026-04-30,5.3,True
1644,EMP015,PRJ009,2026-05-01,-4.0,True
1645,EMP015,PRJ009,2026-05-04,3.1,True
1646,EMP015,PRJ009,2026-05-05,6.4,True
1647,EMP015,PRJ009,2026-05-06,5.1,True
1648,EMP015,PRJ009,2026-05-07,7.7,False
1649,EMP015,PRJ009,2026-05-08,8.1,False
1650,EMP015,PRJ009,2026-05-11,11.3,True
1651,EMP015,PRJ009,2026-05-12,6.8,False
1652,EMP015,PRJ009,2026-05-13,0.0,False
1653,EMP015,PRJ009,2026-05-14,5.9,True
1654,EMP015,PRJ009,2026-05-15,4.7,True
1655,EMP015,PRJ009,2026-05-18,6.2,True
1656,EMP015,PRJ009,2026-05-19,4.8,True
1657,EMP015,PRJ009,2026-05-20,5.9,True
1658,EMP015,PRJ009,2026-05-21,8.4,True
1659,EMP015,PRJ009,2026-05-22,3.3,True
1660,EMP015,PRJ009,2026-05-27,8.0,True
1661,EMP015,PRJ009,2026-05-28,8.4,True
1662,EMP015,PRJ009,2026-05-29,5.2,True
1663,EMP015,PRJ009,2026-06-01,0.8,True
1664,EMP015,PRJ009,2026-06-02,4.1,True
1665,EMP015,PRJ009,2026-06-03,8.4,True
1666,EMP015,PRJ009,2026-06-04,5.4,True
1667,EMP015,PRJ009,2026-06-05,3.3,True
1668,EMP015,PRJ009,2026-06-08,4.4,False
1669,EMP011,PRJ009,2026-01-30,7.4,True
1670,EMP011,PRJ009,2026-02-02,6.7,True
1671,EMP011,PRJ009,2026-02-03,5.0,False
1672,EMP011,PRJ009,2026-02-04,4.7,True
1673,EMP011,PRJ009,2026-02-05,4.6,True
1674,EMP011,PRJ009,2026-02-06,3.4,True
1675,EMP011,PRJ009,2026-02-09,9.1,True
1676,EMP011,PRJ009,2026-02-10,4.8,True
1677,EMP011,PRJ009,2026-02-11,8.2,True
1678,EMP011,PRJ009,2026-02-12,8.9,False
1679,EMP011,PRJ009,2026-02-13,7.7,True
1680,EMP011,PRJ009,2026-02-16,4.5,True
1681,EMP011,PRJ009,2026-02-18,6.4,True
1682,EMP011,PRJ009,2026-02-19,5.4,True
1683,EMP011,PRJ009,2026-02-20,3.5,True
1684,EMP011,PRJ009,2026-02-23,6.2,True
1685,EMP011,PRJ009,2026-02-24,-4.0,False
1686,EMP011,PRJ009,2026-02-25,8.1,False
1687,EMP011,PRJ009,2026-02-26,4.5,True
1688,EMP011,PRJ009,2026-02-27,5.9,True
1689,EMP011,PRJ009,2026-03-02,6.1,True
1690,EMP011,PRJ009,2026-03-03,4.9,True
1691,EMP011,PRJ009,2026-03-04,6.8,True
1692,EMP011,PRJ009,2026-03-05,4.4,True
1693,EMP011,PRJ009,2026-03-06,7.4,True
1694,EMP011,PRJ009,2026-03-10,2.5,True
1695,EMP011,PRJ009,2026-03-11,5.8,True
1696,EMP011,PRJ009,2026-03-12,9.8,False
1697,EMP011,PRJ009,2026-03-13,3.3,True
1698,EMP011,PRJ009,2026-03-16,4.0,True
1699,EMP011,PRJ009,2026-03-17,6.6,True
1700,EMP011,PRJ009,2026-03-18,5.9,False
1701,EMP011,PRJ009,2026-03-19,6.3,True
1702,EMP011,PRJ009,2026-03-20,6.6,True
1703,EMP011,PRJ009,2026-03-23,6.9,True
1704,EMP011,PRJ009,2026-03-24,8.0,True
1705,EMP011,PRJ009,2026-03-25,6.4,True
1706,EMP011,PRJ009,2026-03-26,5.0,True
1707,EMP011,PRJ009,2026-03-27,-4.0,True
1708,EMP011,PRJ009,2026-03-31,9.7,True
1709,EMP011,PRJ009,2026-04-01,5.2,True
1710,EMP011,PRJ009,2026-04-03,3.3,False
1711,EMP011,PRJ009,2026-04-06,8.0,False
1712,EMP011,PRJ009,2026-04-07,5.2,True
1713,EMP011,PRJ009,2026-04-08,0.7,True
1714,EMP011,PRJ009,2026-04-09,7.4,False
1715,EMP011,PRJ009,2026-04-10,4.3,True
1716,EMP011,PRJ009,2026-04-13,5.3,True
1717,EMP011,PRJ009,2026-04-14,6.2,True
1718,EMP011,PRJ009,2026-04-15,5.9,True
1719,EMP011,PRJ009,2026-04-17,7.1,True
1720,EMP011,PRJ009,2026-04-21,4.5,True
1721,EMP011,PRJ009,2026-04-22,6.6,False
1722,EMP011,PRJ009,2026-04-23,4.9,True
1723,EMP011,PRJ009,2026-04-24,7.1,True
1724,EMP011,PRJ009,2026-04-27,6.9,True
1725,EMP011,PRJ009,2026-04-29,3.4,True
1726,EMP011,PRJ009,2026-04-30,7.9,True
1727,EMP011,PRJ009,2026-05-01,4.3,True
1728,EMP011,PRJ009,2026-05-04,7.3,False
1729,EMP011,PRJ009,2026-05-05,6.3,False
1730,EMP011,PRJ009,2026-05-06,9.6,True
1731,EMP011,PRJ009,2026-05-07,0.0,True
1732,EMP011,PRJ009,2026-05-08,4.7,True
1733,EMP011,PRJ009,2026-05-11,5.5,True
1734,EMP011,PRJ009,2026-05-12,4.8,True
1735,EMP011,PRJ009,2026-05-13,7.3,True
1736,EMP011,PRJ009,2026-05-14,1.9,True
1737,EMP011,PRJ009,2026-05-15,3.2,True
1738,EMP011,PRJ009,2026-05-18,3.1,True
1739,EMP011,PRJ009,2026-05-19,7.6,True
1740,EMP011,PRJ009,2026-05-20,9.3,True
1741,EMP011,PRJ009,2026-05-21,5.3,True
1742,EMP011,PRJ009,2026-05-22,5.1,True
1743,EMP011,PRJ009,2026-05-25,5.7,True
1744,EMP011,PRJ009,2026-05-26,8.1,True
1745,EMP011,PRJ009,2026-05-29,3.4,True
1746,EMP011,PRJ009,2026-06-01,6.0,True
1747,EMP011,PRJ009,2026-06-02,7.7,False
1748,EMP011,PRJ009,2026-06-03,6.6,False
1749,EMP011,PRJ009,2026-06-04,5.9,True
1750,EMP011,PRJ009,2026-06-05,7.7,True
1751,EMP011,PRJ009,2026-06-08,0.5,True
1752,EMP026,PRJ010,2026-03-16,7.7,True
1753,EMP026,PRJ010,2026-03-17,4.4,True
1754,EMP026,PRJ010,2026-03-18,1.6,True
1755,EMP026,PRJ010,2026-03-19,7.3,True
1756,EMP026,PRJ010,2026-03-20,9.3,False
1757,EMP026,PRJ010,2026-03-23,5.7,False
1758,EMP026,PRJ010,2026-03-24,8.3,True
1759,EMP026,PRJ010,2026-03-25,9.9,True
1760,EMP026,PRJ010,2026-03-26,9.2,True
1761,EMP026,PRJ010,2026-03-27,10.0,True
1762,EMP026,PRJ010,2026-03-30,7.8,True
1763,EMP026,PRJ010,2026-03-31,6.2,True
1764,EMP026,PRJ010,2026-04-02,2.2,True
1765,EMP026,PRJ010,2026-04-03,5.4,True
1766,EMP026,PRJ010,2026-04-06,4.0,True
1767,EMP026,PRJ010,2026-04-07,11.3,True
1768,EMP026,PRJ010,2026-04-08,5.6,True
1769,EMP026,PRJ010,2026-04-09,6.3,True
1770,EMP026,PRJ010,2026-04-10,7.4,False
1771,EMP026,PRJ010,2026-04-13,-4.0,True
1772,EMP026,PRJ010,2026-04-14,10.1,False
1773,EMP026,PRJ010,2026-04-15,4.5,False
1774,EMP026,PRJ010,2026-04-16,6.5,True
1775,EMP026,PRJ010,2026-04-17,4.2,True
1776,EMP026,PRJ010,2026-04-20,2.8,True
1777,EMP026,PRJ010,2026-04-21,4.6,True
1778,EMP026,PRJ010,2026-04-23,5.9,True
1779,EMP026,PRJ010,2026-04-24,5.0,False
1780,EMP026,PRJ010,2026-04-27,4.4,True
1781,EMP026,PRJ010,2026-04-28,2.6,True
1782,EMP026,PRJ010,2026-04-30,5.8,True
1783,EMP026,PRJ010,2026-05-01,2.4,True
1784,EMP026,PRJ010,2026-05-04,7.9,True
1785,EMP026,PRJ010,2026-05-05,6.2,True
1786,EMP026,PRJ010,2026-05-06,2.5,True
1787,EMP026,PRJ010,2026-05-08,5.3,True
1788,EMP026,PRJ010,2026-05-11,4.2,True
1789,EMP026,PRJ010,2026-05-12,6.8,True
1790,EMP026,PRJ010,2026-05-13,9.3,True
1791,EMP026,PRJ010,2026-05-14,1.5,True
1792,EMP026,PRJ010,2026-05-15,6.3,True
1793,EMP026,PRJ010,2026-05-18,5.6,True
1794,EMP026,PRJ010,2026-05-19,7.6,False
1795,EMP026,PRJ010,2026-05-20,6.5,True
1796,EMP026,PRJ010,2026-05-21,4.2,False
1797,EMP026,PRJ010,2026-05-22,27.0,True
1798,EMP026,PRJ010,2026-05-25,4.1,True
1799,EMP026,PRJ010,2026-05-26,8.6,False
1800,EMP026,PRJ010,2026-05-27,-4.0,True
1801,EMP026,PRJ010,2026-05-29,10.6,True
1802,EMP026,PRJ010,2026-06-01,5.9,True
1803,EMP026,PRJ010,2026-06-02,4.3,True
1804,EMP026,PRJ010,2026-06-03,2.4,True
1805,EMP026,PRJ010,2026-06-04,1.7,True
1806,EMP026,PRJ010,2026-06-05,2.2,True
1807,EMP026,PRJ010,2026-06-08,6.7,True
1808,EMP026,PRJ010,2026-06-09,7.2,True
1809,EMP026,PRJ010,2026-06-10,2.2,False
1810,EMP026,PRJ010,2026-06-11,8.2,True
1811,EMP026,PRJ010,2026-06-12,4.9,False
1812,EMP026,PRJ010,2026-06-15,6.4,True
1813,EMP026,PRJ010,2026-06-16,9.9,True
1814,EMP026,PRJ010,2026-06-17,8.2,True
1815,EMP026,PRJ010,2026-06-18,5.4,False
1816,EMP026,PRJ010,2026-06-22,3.9,True
1817,EMP026,PRJ010,2026-06-23,0.8,True
1818,EMP026,PRJ010,2026-06-24,4.3,True
1819,EMP026,PRJ010,2026-06-26,5.5,True
1820,EMP026,PRJ010,2026-06-29,3.6,True
1821,EMP026,PRJ010,2026-06-30,5.7,True
1822,EMP026,PRJ010,2026-07-01,6.2,True
1823,EMP026,PRJ010,2026-07-02,5.5,True
1824,EMP026,PRJ010,2026-07-03,4.5,True
1825,EMP026,PRJ010,2026-07-06,6.4,True
1826,EMP026,PRJ010,2026-07-07,7.1,True
1827,EMP026,PRJ010,2026-07-08,3.4,True
1828,EMP026,PRJ010,2026-07-09,9.4,True
1829,EMP026,PRJ010,2026-07-13,5.8,True
1830,EMP026,PRJ010,2026-07-14,6.1,True
1831,EMP026,PRJ010,2026-07-15,7.7,True
1832,EMP026,PRJ010,2026-07-16,6.6,False
1833,EMP026,PRJ010,2026-07-17,8.3,True
1834,EMP026,PRJ010,2026-07-20,6.7,True
1835,EMP026,PRJ010,2026-07-21,4.5,True
1836,EMP026,PRJ010,2026-07-23,6.9,True
1837,EMP026,PRJ010,2026-07-24,3.3,True
1838,EMP021,PRJ011,2026-03-26,3.6,True
1839,EMP021,PRJ011,2026-03-27,3.4,True
1840,EMP021,PRJ011,2026-03-30,3.1,True
1841,EMP021,PRJ011,2026-03-31,3.3,True
1842,EMP021,PRJ011,2026-04-01,0.6,True
1843,EMP021,PRJ011,2026-04-02,2.6,True
1844,EMP021,PRJ011,2026-04-03,3.6,True
1845,EMP021,PRJ011,2026-04-06,3.7,True
1846,EMP021,PRJ011,2026-04-07,1.9,True
1847,EMP021,PRJ011,2026-04-09,5.4,True
1848,EMP021,PRJ011,2026-04-10,2.1,True
1849,EMP021,PRJ011,2026-04-13,4.9,True
1850,EMP021,PRJ011,2026-04-14,4.1,True
1851,EMP021,PRJ011,2026-04-15,2.5,True
1852,EMP021,PRJ011,2026-04-16,6.1,True
1853,EMP021,PRJ011,2026-04-20,1.6,False
1854,EMP021,PRJ011,2026-04-21,4.8,True
1855,EMP021,PRJ011,2026-04-22,5.0,False
1856,EMP021,PRJ011,2026-04-23,2.4,True
1857,EMP021,PRJ011,2026-04-24,5.5,True
1858,EMP021,PRJ011,2026-04-27,3.1,True
1859,EMP021,PRJ011,2026-04-28,3.9,True
1860,EMP021,PRJ011,2026-04-29,3.8,True
1861,EMP021,PRJ011,2026-04-30,3.2,True
1862,EMP021,PRJ011,2026-05-01,4.7,True
1863,EMP021,PRJ011,2026-05-04,4.6,True
1864,EMP021,PRJ011,2026-05-05,0.8,True
1865,EMP021,PRJ011,2026-05-06,5.4,True
1866,EMP021,PRJ011,2026-05-07,0.9,True
1867,EMP021,PRJ011,2026-05-08,5.0,True
1868,EMP021,PRJ011,2026-05-11,5.1,True
1869,EMP021,PRJ011,2026-05-12,1.8,True
1870,EMP021,PRJ011,2026-05-13,2.8,False
1871,EMP021,PRJ011,2026-05-14,1.8,True
1872,EMP021,PRJ011,2026-05-15,3.1,False
1873,EMP021,PRJ011,2026-05-18,3.0,True
1874,EMP021,PRJ011,2026-05-19,4.6,False
1875,EMP021,PRJ011,2026-05-21,5.4,True
1876,EMP021,PRJ011,2026-05-22,5.5,False
1877,EMP021,PRJ011,2026-05-25,2.6,True
1878,EMP021,PRJ011,2026-05-26,3.1,True
1879,EMP021,PRJ011,2026-05-27,0.9,True
1880,EMP021,PRJ011,2026-05-28,2.2,True
1881,EMP021,PRJ011,2026-05-29,27.0,True
1882,EMP021,PRJ011,2026-06-01,5.9,True
1883,EMP021,PRJ011,2026-06-02,1.6,True
1884,EMP021,PRJ011,2026-06-03,2.6,False
1885,EMP021,PRJ011,2026-06-05,3.4,True
1886,EMP021,PRJ011,2026-06-08,3.9,True
1887,EMP021,PRJ011,2026-06-09,2.2,True
1888,EMP021,PRJ011,2026-06-10,4.1,True
1889,EMP021,PRJ011,2026-06-11,2.7,True
1890,EMP021,PRJ011,2026-06-12,3.4,True
1891,EMP021,PRJ011,2026-06-15,4.3,True
1892,EMP021,PRJ011,2026-06-16,3.5,True
1893,EMP021,PRJ011,2026-06-18,2.8,True
1894,EMP021,PRJ011,2026-06-19,3.3,True
1895,EMP021,PRJ011,2026-06-22,3.3,True
1896,EMP021,PRJ011,2026-06-23,2.9,True
1897,EMP021,PRJ011,2026-06-24,3.1,True
1898,EMP021,PRJ011,2026-06-25,5.9,True
1899,EMP021,PRJ011,2026-06-26,4.3,True
1900,EMP021,PRJ011,2026-06-29,3.0,False
1901,EMP021,PRJ011,2026-06-30,4.5,True
1902,EMP021,PRJ011,2026-07-01,2.9,True
1903,EMP021,PRJ011,2026-07-02,5.2,True
1904,EMP021,PRJ011,2026-07-03,4.0,True
1905,EMP021,PRJ011,2026-07-06,3.3,True
1906,EMP021,PRJ011,2026-07-08,4.1,True
1907,EMP021,PRJ011,2026-07-09,1.1,False
1908,EMP021,PRJ011,2026-07-10,1.7,True
1909,EMP021,PRJ011,2026-07-13,1.6,True
1910,EMP021,PRJ011,2026-07-14,3.7,True
1911,EMP021,PRJ011,2026-07-15,6.1,False
1912,EMP021,PRJ011,2026-07-16,6.8,True
1913,EMP021,PRJ011,2026-07-17,4.4,True
1914,EMP021,PRJ011,2026-07-21,4.2,True
1915,EMP021,PRJ011,2026-07-22,0.7,True
1916,EMP021,PRJ011,2026-07-24,2.6,True
1917,EMP021,PRJ011,2026-07-27,2.3,True
1918,EMP021,PRJ011,2026-07-29,2.5,True
1919,EMP021,PRJ011,2026-07-30,3.2,True
1920,EMP021,PRJ011,2026-07-31,2.7,True
1921,EMP021,PRJ011,2026-08-04,0.5,True
1922,EMP021,PRJ011,2026-08-05,4.6,False
1923,EMP021,PRJ011,2026-08-06,1.8,True
1924,EMP021,PRJ011,2026-08-07,3.8,False
1925,EMP021,PRJ011,2026-08-10,6.6,True
1926,EMP021,PRJ011,2026-08-11,2.1,True
1927,EMP021,PRJ011,2026-08-12,0.5,True
1928,EMP021,PRJ011,2026-08-13,3.0,True
1929,EMP021,PRJ011,2026-08-14,5.1,True
1930,EMP021,PRJ011,2026-08-17,6.4,True
1931,EMP021,PRJ011,2026-08-18,1.6,True
1932,EMP021,PRJ011,2026-08-19,4.2,True
1933,EMP021,PRJ011,2026-08-20,2.7,True
1934,EMP021,PRJ011,2026-08-21,3.3,True
1935,EMP021,PRJ011,2026-08-24,7.4,True
1936,EMP021,PRJ011,2026-08-25,1.2,True
1937,EMP021,PRJ011,2026-08-26,3.8,True
1938,EMP021,PRJ011,2026-08-27,4.1,True
1939,EMP021,PRJ011,2026-08-28,5.1,False
1940,EMP021,PRJ011,2026-08-31,3.6,True
1941,EMP021,PRJ011,2026-09-01,3.9,True
1942,EMP021,PRJ011,2026-09-02,2.9,True
1943,EMP021,PRJ011,2026-09-03,3.9,True
1944,EMP021,PRJ011,2026-09-04,2.9,True
1945,EMP021,PRJ011,2026-09-07,4.4,True
1946,EMP018,PRJ012,2026-05-05,3.2,False
1947,EMP018,PRJ012,2026-05-06,4.4,True
1948,EMP018,PRJ012,2026-05-07,3.7,True
1949,EMP018,PRJ012,2026-05-11,5.6,True
1950,EMP018,PRJ012,2026-05-13,3.7,True
1951,EMP018,PRJ012,2026-05-14,0.9,True
1952,EMP018,PRJ012,2026-05-15,5.8,True
1953,EMP018,PRJ012,2026-05-18,2.3,True
1954,EMP018,PRJ012,2026-05-19,2.7,True
1955,EMP018,PRJ012,2026-05-20,2.8,True
1956,EMP018,PRJ012,2026-05-21,6.0,False
1957,EMP018,PRJ012,2026-05-22,0.5,False
1958,EMP018,PRJ012,2026-05-26,8.9,True
1959,EMP018,PRJ012,2026-05-27,5.5,True
1960,EMP018,PRJ012,2026-05-28,4.1,True
1961,EMP018,PRJ012,2026-05-29,3.7,True
1962,EMP018,PRJ012,2026-06-01,4.2,True
1963,EMP018,PRJ012,2026-06-02,4.6,True
1964,EMP018,PRJ012,2026-06-03,4.8,True
1965,EMP018,PRJ012,2026-06-04,4.7,True
1966,EMP018,PRJ012,2026-06-05,3.9,True
1967,EMP018,PRJ012,2026-06-08,3.5,True
1968,EMP018,PRJ012,2026-06-09,3.5,True
1969,EMP018,PRJ012,2026-06-10,3.5,True
1970,EMP018,PRJ012,2026-06-11,5.6,True
1971,EMP018,PRJ012,2026-06-12,4.7,True
1972,EMP018,PRJ012,2026-06-15,0.5,True
1973,EMP018,PRJ012,2026-06-17,4.9,True
1974,EMP018,PRJ012,2026-06-18,4.1,True
1975,EMP018,PRJ012,2026-06-22,3.8,True
1976,EMP018,PRJ012,2026-06-23,3.2,True
1977,EMP018,PRJ012,2026-06-24,5.6,True
1978,EMP018,PRJ012,2026-06-25,5.3,True
1979,EMP018,PRJ012,2026-06-26,2.5,True
1980,EMP018,PRJ012,2026-06-29,4.4,True
1981,EMP018,PRJ012,2026-06-30,2.2,True
1982,EMP018,PRJ012,2026-07-01,1.5,True
1983,EMP018,PRJ012,2026-07-02,2.8,True
1984,EMP018,PRJ012,2026-07-03,5.2,True
1985,EMP018,PRJ012,2026-07-06,5.3,True
1986,EMP018,PRJ012,2026-07-08,4.6,True
1987,EMP018,PRJ012,2026-07-09,5.0,True
1988,EMP018,PRJ012,2026-07-10,4.6,True
1989,EMP018,PRJ012,2026-07-13,2.7,False
1990,EMP018,PRJ012,2026-07-14,4.5,True
1991,EMP018,PRJ012,2026-07-15,5.1,True
1992,EMP018,PRJ012,2026-07-16,5.0,True
1993,EMP018,PRJ012,2026-07-17,5.7,False
1994,EMP018,PRJ012,2026-07-20,4.9,True
1995,EMP018,PRJ012,2026-07-21,4.4,True
1996,EMP018,PRJ012,2026-07-22,5.5,True
1997,EMP018,PRJ012,2026-07-23,3.7,False
1998,EMP018,PRJ012,2026-07-24,2.4,True
1999,EMP018,PRJ012,2026-07-27,3.5,True
2000,EMP018,PRJ012,2026-07-28,2.6,True
2001,EMP018,PRJ012,2026-07-29,2.7,True
2002,EMP018,PRJ012,2026-07-30,3.5,True
2003,EMP018,PRJ012,2026-07-31,2.5,True
2004,EMP018,PRJ012,2026-08-03,3.3,True
2005,EMP018,PRJ012,2026-08-04,0.7,True
2006,EMP018,PRJ012,2026-08-05,4.1,True
2007,EMP018,PRJ012,2026-08-06,3.8,True
2008,EMP018,PRJ012,2026-08-07,2.5,False
2009,EMP018,PRJ012,2026-08-10,4.9,True
2010,EMP018,PRJ012,2026-08-11,5.3,True
2011,EMP018,PRJ012,2026-08-12,1.2,True
2012,EMP018,PRJ012,2026-08-13,2.5,True
2013,EMP018,PRJ012,2026-08-14,2.5,True
2014,EMP018,PRJ012,2026-08-17,2.3,True
2015,EMP018,PRJ012,2026-08-18,5.1,True
2016,EMP018,PRJ012,2026-08-19,3.5,True
2017,EMP018,PRJ012,2026-08-20,3.4,True
2018,EMP018,PRJ012,2026-08-21,0.5,True
2019,EMP018,PRJ012,2026-08-24,4.8,True
2020,EMP018,PRJ012,2026-08-25,1.8,True
2021,EMP018,PRJ012,2026-08-26,3.9,True
2022,EMP018,PRJ012,2026-08-27,4.2,True
2023,EMP018,PRJ012,2026-08-28,6.0,True
2024,EMP018,PRJ012,2026-08-31,1.7,True
2025,EMP018,PRJ012,2026-09-01,0.5,True
2026,EMP018,PRJ012,2026-09-02,4.1,True
2027,EMP018,PRJ012,2026-09-03,6.7,True
2028,EMP018,PRJ012,2026-09-04,5.8,True
2029,EMP018,PRJ012,2026-09-07,4.1,False
2030,EMP003,PRJ012,2026-05-05,3.0,True
2031,EMP003,PRJ012,2026-05-06,5.1,True
2032,EMP003,PRJ012,2026-05-07,2.2,True
2033,EMP003,PRJ012,2026-05-08,4.6,True
2034,EMP003,PRJ012,2026-05-11,4.6,True
2035,EMP003,PRJ012,2026-05-12,5.5,True
2036,EMP003,PRJ012,2026-05-13,8.3,True
2037,EMP003,PRJ012,2026-05-14,4.4,True
2038,EMP003,PRJ012,2026-05-15,3.0,True
2039,EMP003,PRJ012,2026-05-18,3.7,True
2040,EMP003,PRJ012,2026-05-19,0.9,True
2041,EMP003,PRJ012,2026-05-21,2.7,True
2042,EMP003,PRJ012,2026-05-22,3.1,True
2043,EMP003,PRJ012,2026-05-25,2.9,True
2044,EMP003,PRJ012,2026-05-26,4.0,True
2045,EMP003,PRJ012,2026-05-27,2.4,False
2046,EMP003,PRJ012,2026-05-28,5.6,True
2047,EMP003,PRJ012,2026-05-29,3.8,True
2048,EMP003,PRJ012,2026-06-01,3.8,True
2049,EMP003,PRJ012,2026-06-02,3.3,True
2050,EMP003,PRJ012,2026-06-03,4.0,True
2051,EMP003,PRJ012,2026-06-04,5.1,True
2052,EMP003,PRJ012,2026-06-05,2.4,True
2053,EMP003,PRJ012,2026-06-08,2.7,True
2054,EMP003,PRJ012,2026-06-09,0.0,True
2055,EMP003,PRJ012,2026-06-10,1.6,False
2056,EMP003,PRJ012,2026-06-11,2.5,True
2057,EMP003,PRJ012,2026-06-12,3.0,False
2058,EMP003,PRJ012,2026-06-15,5.2,True
2059,EMP003,PRJ012,2026-06-16,4.2,True
2060,EMP003,PRJ012,2026-06-17,4.1,True
2061,EMP003,PRJ012,2026-06-18,5.2,True
2062,EMP003,PRJ012,2026-06-19,3.6,True
2063,EMP003,PRJ012,2026-06-22,4.4,True
2064,EMP003,PRJ012,2026-06-24,3.6,True
2065,EMP003,PRJ012,2026-06-25,4.2,True
2066,EMP003,PRJ012,2026-06-26,2.8,True
2067,EMP003,PRJ012,2026-06-30,0.5,True
2068,EMP003,PRJ012,2026-07-01,3.6,False
2069,EMP003,PRJ012,2026-07-02,6.1,True
2070,EMP003,PRJ012,2026-07-03,5.3,True
2071,EMP003,PRJ012,2026-07-06,5.4,True
2072,EMP003,PRJ012,2026-07-07,5.8,True
2073,EMP003,PRJ012,2026-07-08,3.9,False
2074,EMP003,PRJ012,2026-07-09,4.1,True
2075,EMP003,PRJ012,2026-07-10,2.8,True
2076,EMP003,PRJ012,2026-07-13,3.3,False
2077,EMP003,PRJ012,2026-07-14,4.8,False
2078,EMP003,PRJ012,2026-07-15,5.7,True
2079,EMP003,PRJ012,2026-07-16,3.6,True
2080,EMP003,PRJ012,2026-07-17,3.1,False
2081,EMP003,PRJ012,2026-07-20,3.8,False
2082,EMP003,PRJ012,2026-07-21,4.8,True
2083,EMP003,PRJ012,2026-07-22,1.4,True
2084,EMP003,PRJ012,2026-07-23,0.5,True
2085,EMP003,PRJ012,2026-07-24,2.9,True
2086,EMP003,PRJ012,2026-07-27,1.8,True
2087,EMP003,PRJ012,2026-07-28,3.0,False
2088,EMP003,PRJ012,2026-07-29,3.5,False
2089,EMP003,PRJ012,2026-07-30,3.0,True
2090,EMP003,PRJ012,2026-07-31,6.1,True
2091,EMP003,PRJ012,2026-08-03,4.3,True
2092,EMP003,PRJ012,2026-08-04,4.3,True
2093,EMP003,PRJ012,2026-08-05,4.8,False
2094,EMP003,PRJ012,2026-08-06,1.9,True
2095,EMP003,PRJ012,2026-08-07,5.5,False
2096,EMP003,PRJ012,2026-08-10,3.7,True
2097,EMP003,PRJ012,2026-08-11,4.9,True
2098,EMP003,PRJ012,2026-08-12,2.0,True
2099,EMP003,PRJ012,2026-08-13,1.3,False
2100,EMP003,PRJ012,2026-08-14,5.1,True
2101,EMP003,PRJ012,2026-08-17,4.4,True
2102,EMP003,PRJ012,2026-08-18,2.3,True
2103,EMP003,PRJ012,2026-08-20,2.4,True
2104,EMP003,PRJ012,2026-08-21,5.6,False
2105,EMP003,PRJ012,2026-08-24,1.9,False
2106,EMP003,PRJ012,2026-08-25,6.5,True
2107,EMP003,PRJ012,2026-08-26,2.3,True
2108,EMP003,PRJ012,2026-08-27,4.8,True
2109,EMP003,PRJ012,2026-08-28,3.3,True
2110,EMP003,PRJ012,2026-08-31,4.8,True
2111,EMP003,PRJ012,2026-09-01,2.9,True
2112,EMP003,PRJ012,2026-09-02,3.5,True
2113,EMP003,PRJ012,2026-09-03,3.9,True
2114,EMP003,PRJ012,2026-09-07,2.2,True
2115,EMP001,PRJ013,2026-06-08,12.0,True
2116,EMP001,PRJ013,2026-06-09,12.0,True
2117,EMP001,PRJ013,2026-06-10,12.0,False
2118,EMP001,PRJ013,2026-06-11,12.0,True
2119,EMP001,PRJ013,2026-06-12,1.3,True
2120,EMP001,PRJ013,2026-06-18,12.0,True
2121,EMP001,PRJ013,2026-06-19,12.0,True
2122,EMP001,PRJ013,2026-06-22,12.0,True
2123,EMP001,PRJ013,2026-06-23,12.0,True
2124,EMP001,PRJ013,2026-06-24,12.0,True
2125,EMP001,PRJ013,2026-06-25,12.0,True
2126,EMP001,PRJ013,2026-06-26,12.0,True
2127,EMP001,PRJ013,2026-06-29,11.3,False
2128,EMP001,PRJ013,2026-06-30,12.0,True
2129,EMP001,PRJ013,2026-07-01,12.0,False
2130,EMP001,PRJ013,2026-07-02,12.0,True
2131,EMP001,PRJ013,2026-07-03,12.0,True
2132,EMP001,PRJ013,2026-07-06,12.0,False
2133,EMP001,PRJ013,2026-07-07,12.0,True
2134,EMP001,PRJ013,2026-07-08,12.0,True
2135,EMP001,PRJ013,2026-07-09,12.0,True
2136,EMP001,PRJ013,2026-07-13,12.0,True
2137,EMP001,PRJ013,2026-07-14,12.0,True
2138,EMP001,PRJ013,2026-07-15,12.0,True
2139,EMP001,PRJ013,2026-07-16,10.9,True
2140,EMP001,PRJ013,2026-07-17,9.2,True
2141,EMP001,PRJ013,2026-07-20,12.0,True
2142,EMP001,PRJ013,2026-07-21,12.0,True
2143,EMP001,PRJ013,2026-07-22,12.0,True
2144,EMP001,PRJ013,2026-07-23,0.0,True
2145,EMP001,PRJ013,2026-07-24,12.0,True
2146,EMP001,PRJ013,2026-07-27,12.0,True
2147,EMP001,PRJ013,2026-07-28,8.2,True
2148,EMP001,PRJ013,2026-07-29,12.0,True
2149,EMP004,PRJ013,2026-06-08,12.0,False
2150,EMP004,PRJ013,2026-06-11,7.9,True
2151,EMP004,PRJ013,2026-06-12,12.0,False
2152,EMP004,PRJ013,2026-06-15,12.0,True
2153,EMP004,PRJ013,2026-06-16,12.0,True
2154,EMP004,PRJ013,2026-06-17,12.0,True
2155,EMP004,PRJ013,2026-06-18,10.7,True
2156,EMP004,PRJ013,2026-06-19,12.0,True
2157,EMP004,PRJ013,2026-06-22,12.0,True
2158,EMP004,PRJ013,2026-06-23,12.0,False
2159,EMP004,PRJ013,2026-06-24,12.0,True
2160,EMP004,PRJ013,2026-06-25,12.0,True
2161,EMP004,PRJ013,2026-06-26,11.8,True
2162,EMP004,PRJ013,2026-06-29,12.0,True
2163,EMP004,PRJ013,2026-06-30,12.0,True
2164,EMP004,PRJ013,2026-07-01,12.0,False
2165,EMP004,PRJ013,2026-07-02,12.0,True
2166,EMP004,PRJ013,2026-07-03,12.0,True
2167,EMP004,PRJ013,2026-07-06,12.0,True
2168,EMP004,PRJ013,2026-07-07,10.7,True
2169,EMP004,PRJ013,2026-07-08,12.0,True
2170,EMP004,PRJ013,2026-07-09,12.0,False
2171,EMP004,PRJ013,2026-07-10,12.0,True
2172,EMP004,PRJ013,2026-07-14,12.0,True
2173,EMP004,PRJ013,2026-07-15,12.0,False
2174,EMP004,PRJ013,2026-07-16,12.0,False
2175,EMP004,PRJ013,2026-07-17,12.0,True
2176,EMP004,PRJ013,2026-07-20,12.0,True
2177,EMP004,PRJ013,2026-07-21,8.2,True
2178,EMP004,PRJ013,2026-07-22,12.0,False
2179,EMP004,PRJ013,2026-07-23,12.0,True
2180,EMP004,PRJ013,2026-07-24,12.0,False
2181,EMP004,PRJ013,2026-07-28,12.0,True
2182,EMP004,PRJ013,2026-07-29,12.0,True
2183,EMP001,PRJ014,2026-04-03,4.6,True
2184,EMP001,PRJ014,2026-04-06,7.7,True
2185,EMP001,PRJ014,2026-04-07,0.5,True
2186,EMP001,PRJ014,2026-04-08,8.0,False
2187,EMP001,PRJ014,2026-04-09,2.0,False
2188,EMP001,PRJ014,2026-04-10,4.4,True
2189,EMP001,PRJ014,2026-04-14,4.1,True
2190,EMP001,PRJ014,2026-04-15,6.1,True
2191,EMP001,PRJ014,2026-04-16,1.7,True
2192,EMP001,PRJ014,2026-04-17,5.9,False
2193,EMP001,PRJ014,2026-04-20,9.0,False
2194,EMP001,PRJ014,2026-04-21,2.2,True
2195,EMP001,PRJ014,2026-04-22,5.3,True
2196,EMP001,PRJ014,2026-04-23,3.6,False
2197,EMP001,PRJ014,2026-04-24,5.8,True
2198,EMP001,PRJ014,2026-04-27,5.0,True
2199,EMP001,PRJ014,2026-04-28,3.6,True
2200,EMP001,PRJ014,2026-04-29,5.9,True
2201,EMP001,PRJ014,2026-04-30,8.6,True
2202,EMP001,PRJ014,2026-05-01,4.5,False
2203,EMP001,PRJ014,2026-05-04,6.4,True
2204,EMP001,PRJ014,2026-05-05,2.3,True
2205,EMP001,PRJ014,2026-05-07,3.0,True
2206,EMP001,PRJ014,2026-05-08,5.9,True
2207,EMP001,PRJ014,2026-05-11,7.9,True
2208,EMP001,PRJ014,2026-05-12,5.7,True
2209,EMP001,PRJ014,2026-05-13,4.3,False
2210,EMP001,PRJ014,2026-05-14,4.9,True
2211,EMP001,PRJ014,2026-05-15,2.4,True
2212,EMP001,PRJ014,2026-05-18,6.2,False
2213,EMP001,PRJ014,2026-05-19,6.7,True
2214,EMP001,PRJ014,2026-05-20,4.0,True
2215,EMP001,PRJ014,2026-05-21,4.0,True
2216,EMP001,PRJ014,2026-05-22,5.5,True
2217,EMP001,PRJ014,2026-05-25,4.0,True
2218,EMP001,PRJ014,2026-05-26,4.8,True
2219,EMP001,PRJ014,2026-05-27,9.2,True
2220,EMP001,PRJ014,2026-05-29,4.4,True
2221,EMP001,PRJ014,2026-06-01,4.2,False
2222,EMP001,PRJ014,2026-06-02,3.6,False
2223,EMP001,PRJ014,2026-06-03,6.4,True
2224,EMP001,PRJ014,2026-06-04,4.6,True
2225,EMP001,PRJ014,2026-06-05,3.6,False
2226,EMP001,PRJ014,2026-06-08,7.6,True
2227,EMP001,PRJ014,2026-06-10,7.8,True
2228,EMP001,PRJ014,2026-06-11,3.7,False
2229,EMP001,PRJ014,2026-06-12,1.2,True
2230,EMP001,PRJ014,2026-06-15,7.0,True
2231,EMP001,PRJ014,2026-06-16,3.5,True
2232,EMP001,PRJ014,2026-06-17,6.5,True
2233,EMP001,PRJ014,2026-06-18,0.9,True
2234,EMP001,PRJ014,2026-06-19,6.7,True
2235,EMP001,PRJ014,2026-06-24,2.5,True
2236,EMP001,PRJ014,2026-06-25,6.4,True
2237,EMP001,PRJ014,2026-06-26,5.0,True
2238,EMP001,PRJ014,2026-06-29,3.0,True
2239,EMP001,PRJ014,2026-06-30,4.1,True
2240,EMP001,PRJ014,2026-07-01,6.3,True
2241,EMP001,PRJ014,2026-07-02,5.1,True
2242,EMP001,PRJ014,2026-07-03,6.1,True
2243,EMP001,PRJ014,2026-07-06,8.9,True
2244,EMP001,PRJ014,2026-07-07,1.8,True
2245,EMP001,PRJ014,2026-07-08,8.2,True
2246,EMP001,PRJ014,2026-07-09,5.1,True
2247,EMP001,PRJ014,2026-07-10,3.1,True
2248,EMP001,PRJ014,2026-07-13,2.2,True
2249,EMP001,PRJ014,2026-07-14,4.6,False
2250,EMP001,PRJ014,2026-07-15,6.8,True
2251,EMP001,PRJ014,2026-07-16,4.7,True
2252,EMP001,PRJ014,2026-07-17,8.0,True
2253,EMP001,PRJ014,2026-07-20,2.0,True
2254,EMP001,PRJ014,2026-07-22,4.9,True
2255,EMP001,PRJ014,2026-07-23,2.4,True
2256,EMP001,PRJ014,2026-07-24,5.7,True
2257,EMP001,PRJ014,2026-07-27,6.7,True
2258,EMP001,PRJ014,2026-07-28,4.1,True
2259,EMP001,PRJ014,2026-07-29,0.5,True
2260,EMP001,PRJ014,2026-07-30,5.3,True
2261,EMP001,PRJ014,2026-07-31,5.8,True
2262,EMP001,PRJ014,2026-08-03,5.8,True
2263,EMP001,PRJ014,2026-08-04,7.4,False
2264,EMP001,PRJ014,2026-08-05,2.8,True
2265,EMP001,PRJ014,2026-08-07,6.3,False
2266,EMP001,PRJ014,2026-08-10,7.4,True
2267,EMP001,PRJ014,2026-08-11,1.3,True
2268,EMP001,PRJ014,2026-08-12,5.6,True
2269,EMP001,PRJ014,2026-08-13,3.9,True
2270,EMP001,PRJ014,2026-08-14,4.8,True
2271,EMP001,PRJ014,2026-08-17,5.6,False
2272,EMP001,PRJ014,2026-08-19,3.9,False
2273,EMP001,PRJ014,2026-08-20,3.6,True
2274,EMP001,PRJ014,2026-08-21,5.0,True
2275,EMP001,PRJ014,2026-08-24,2.7,False
2276,EMP001,PRJ014,2026-08-25,2.7,True
2277,EMP001,PRJ014,2026-08-26,6.3,True
2278,EMP001,PRJ014,2026-08-27,2.6,True
2279,EMP001,PRJ014,2026-08-28,6.3,False
2280,EMP001,PRJ014,2026-08-31,5.9,True
2281,EMP001,PRJ014,2026-09-01,1.4,False
2282,EMP001,PRJ014,2026-09-02,3.6,True
2283,EMP001,PRJ014,2026-09-03,7.4,True
2284,EMP001,PRJ014,2026-09-04,2.9,True
2285,EMP001,PRJ014,2026-09-07,4.0,False
2286,EMP013,PRJ014,2026-04-07,5.9,True
2287,EMP013,PRJ014,2026-04-08,6.5,True
2288,EMP013,PRJ014,2026-04-09,4.4,True
2289,EMP013,PRJ014,2026-04-10,3.7,True
2290,EMP013,PRJ014,2026-04-13,7.8,False
2291,EMP013,PRJ014,2026-04-14,8.5,True
2292,EMP013,PRJ014,2026-04-15,6.9,False
2293,EMP013,PRJ014,2026-04-16,0.0,True
2294,EMP013,PRJ014,2026-04-20,3.3,False
2295,EMP013,PRJ014,2026-04-21,3.3,True
2296,EMP013,PRJ014,2026-04-22,6.0,True
2297,EMP013,PRJ014,2026-04-23,5.8,True
2298,EMP013,PRJ014,2026-04-24,7.8,True
2299,EMP013,PRJ014,2026-04-27,6.3,True
2300,EMP013,PRJ014,2026-04-28,1.9,True
2301,EMP013,PRJ014,2026-04-29,7.1,True
2302,EMP013,PRJ014,2026-04-30,2.9,True
2303,EMP013,PRJ014,2026-05-04,4.2,True
2304,EMP013,PRJ014,2026-05-05,5.4,True
2305,EMP013,PRJ014,2026-05-06,9.0,False
2306,EMP013,PRJ014,2026-05-07,11.2,True
2307,EMP013,PRJ014,2026-05-08,6.2,False
2308,EMP013,PRJ014,2026-05-11,4.6,True
2309,EMP013,PRJ014,2026-05-12,6.0,False
2310,EMP013,PRJ014,2026-05-13,6.7,True
2311,EMP013,PRJ014,2026-05-14,4.3,False
2312,EMP013,PRJ014,2026-05-15,8.6,True
2313,EMP013,PRJ014,2026-05-19,5.4,True
2314,EMP013,PRJ014,2026-05-21,5.9,False
2315,EMP013,PRJ014,2026-05-25,6.3,True
2316,EMP013,PRJ014,2026-05-26,5.8,True
2317,EMP013,PRJ014,2026-05-27,6.6,True
2318,EMP013,PRJ014,2026-05-28,3.7,True
2319,EMP013,PRJ014,2026-05-29,3.8,True
2320,EMP013,PRJ014,2026-06-01,2.7,True
2321,EMP013,PRJ014,2026-06-02,5.8,True
2322,EMP013,PRJ014,2026-06-03,6.5,True
2323,EMP013,PRJ014,2026-06-08,5.9,True
2324,EMP013,PRJ014,2026-06-09,8.3,False
2325,EMP013,PRJ014,2026-06-10,4.9,True
2326,EMP013,PRJ014,2026-06-11,6.3,True
2327,EMP013,PRJ014,2026-06-12,2.7,True
2328,EMP013,PRJ014,2026-06-15,4.1,True
2329,EMP013,PRJ014,2026-06-17,6.3,True
2330,EMP013,PRJ014,2026-06-18,6.7,True
2331,EMP013,PRJ014,2026-06-19,4.3,True
2332,EMP013,PRJ014,2026-06-22,4.8,True
2333,EMP013,PRJ014,2026-06-24,1.9,True
2334,EMP013,PRJ014,2026-06-25,4.2,True
2335,EMP013,PRJ014,2026-06-26,6.7,True
2336,EMP013,PRJ014,2026-06-29,6.1,True
2337,EMP013,PRJ014,2026-06-30,5.9,False
2338,EMP013,PRJ014,2026-07-01,5.0,False
2339,EMP013,PRJ014,2026-07-02,4.9,True
2340,EMP013,PRJ014,2026-07-03,3.6,True
2341,EMP013,PRJ014,2026-07-06,6.4,True
2342,EMP013,PRJ014,2026-07-07,5.8,False
2343,EMP013,PRJ014,2026-07-08,5.9,True
2344,EMP013,PRJ014,2026-07-09,3.9,True
2345,EMP013,PRJ014,2026-07-10,0.6,False
2346,EMP013,PRJ014,2026-07-13,7.2,True
2347,EMP013,PRJ014,2026-07-14,4.0,True
2348,EMP013,PRJ014,2026-07-15,3.2,True
2349,EMP013,PRJ014,2026-07-16,6.3,True
2350,EMP013,PRJ014,2026-07-17,4.1,True
2351,EMP013,PRJ014,2026-07-20,7.1,False
2352,EMP013,PRJ014,2026-07-21,6.2,True
2353,EMP013,PRJ014,2026-07-22,6.3,True
2354,EMP013,PRJ014,2026-07-24,2.2,True
2355,EMP013,PRJ014,2026-07-27,7.4,True
2356,EMP013,PRJ014,2026-07-29,5.5,True
2357,EMP013,PRJ014,2026-07-30,4.2,True
2358,EMP013,PRJ014,2026-07-31,5.2,True
2359,EMP013,PRJ014,2026-08-03,1.3,True
2360,EMP013,PRJ014,2026-08-04,5.8,True
2361,EMP013,PRJ014,2026-08-05,2.8,True
2362,EMP013,PRJ014,2026-08-06,2.2,True
2363,EMP013,PRJ014,2026-08-07,1.8,False
2364,EMP013,PRJ014,2026-08-10,7.2,True
2365,EMP013,PRJ014,2026-08-11,3.7,True
2366,EMP013,PRJ014,2026-08-12,8.0,True
2367,EMP013,PRJ014,2026-08-13,3.8,True
2368,EMP013,PRJ014,2026-08-14,1.5,True
2369,EMP013,PRJ014,2026-08-17,2.7,True
2370,EMP013,PRJ014,2026-08-18,7.4,False
2371,EMP013,PRJ014,2026-08-19,4.6,False
2372,EMP013,PRJ014,2026-08-20,3.8,True
2373,EMP013,PRJ014,2026-08-24,5.3,True
2374,EMP013,PRJ014,2026-08-25,6.0,True
2375,EMP013,PRJ014,2026-08-26,7.2,True
2376,EMP013,PRJ014,2026-08-27,7.9,True
2377,EMP013,PRJ014,2026-08-28,4.2,False
2378,EMP013,PRJ014,2026-09-01,2.2,True
2379,EMP013,PRJ014,2026-09-02,4.1,True
2380,EMP013,PRJ014,2026-09-03,5.5,False
2381,EMP013,PRJ014,2026-09-04,3.0,True
2382,EMP013,PRJ014,2026-09-07,3.0,True
2383,EMP021,PRJ014,2026-04-03,5.6,True
2384,EMP021,PRJ014,2026-04-06,4.8,True
2385,EMP021,PRJ014,2026-04-07,5.0,True
2386,EMP021,PRJ014,2026-04-08,3.4,True
2387,EMP021,PRJ014,2026-04-09,4.5,True
2388,EMP021,PRJ014,2026-04-10,3.1,True
2389,EMP021,PRJ014,2026-04-13,6.7,True
2390,EMP021,PRJ014,2026-04-14,7.0,True
2391,EMP021,PRJ014,2026-04-15,1.2,True
2392,EMP021,PRJ014,2026-04-16,3.1,True
2393,EMP021,PRJ014,2026-04-17,1.9,True
2394,EMP021,PRJ014,2026-04-20,3.6,True
2395,EMP021,PRJ014,2026-04-21,4.8,True
2396,EMP021,PRJ014,2026-04-22,2.0,True
2397,EMP021,PRJ014,2026-04-23,3.1,True
2398,EMP021,PRJ014,2026-04-24,2.9,True
2399,EMP021,PRJ014,2026-04-27,5.4,True
2400,EMP021,PRJ014,2026-04-28,5.1,True
2401,EMP021,PRJ014,2026-04-29,3.5,True
2402,EMP021,PRJ014,2026-04-30,5.3,True
2403,EMP021,PRJ014,2026-05-01,3.8,True
2404,EMP021,PRJ014,2026-05-04,4.4,True
2405,EMP021,PRJ014,2026-05-05,8.3,True
2406,EMP021,PRJ014,2026-05-06,7.7,True
2407,EMP021,PRJ014,2026-05-07,2.3,True
2408,EMP021,PRJ014,2026-05-08,6.6,True
2409,EMP021,PRJ014,2026-05-11,6.6,False
2410,EMP021,PRJ014,2026-05-12,2.6,True
2411,EMP021,PRJ014,2026-05-13,6.6,True
2412,EMP021,PRJ014,2026-05-14,8.1,True
2413,EMP021,PRJ014,2026-05-15,2.7,True
2414,EMP021,PRJ014,2026-05-18,3.1,True
2415,EMP021,PRJ014,2026-05-19,7.0,True
2416,EMP021,PRJ014,2026-05-21,5.5,True
2417,EMP021,PRJ014,2026-05-25,6.1,True
2418,EMP021,PRJ014,2026-05-26,5.6,True
2419,EMP021,PRJ014,2026-05-27,5.7,True
2420,EMP021,PRJ014,2026-05-28,2.2,True
2421,EMP021,PRJ014,2026-05-29,7.1,True
2422,EMP021,PRJ014,2026-06-01,7.3,False
2423,EMP021,PRJ014,2026-06-02,4.5,True
2424,EMP021,PRJ014,2026-06-03,4.8,True
2425,EMP021,PRJ014,2026-06-04,1.8,True
2426,EMP021,PRJ014,2026-06-05,6.0,True
2427,EMP021,PRJ014,2026-06-09,6.1,True
2428,EMP021,PRJ014,2026-06-10,4.8,False
2429,EMP021,PRJ014,2026-06-11,7.2,True
2430,EMP021,PRJ014,2026-06-12,4.3,True
2431,EMP021,PRJ014,2026-06-15,6.1,True
2432,EMP021,PRJ014,2026-06-16,2.9,True
2433,EMP021,PRJ014,2026-06-17,4.9,True
2434,EMP021,PRJ014,2026-06-18,4.6,True
2435,EMP021,PRJ014,2026-06-19,5.4,False
2436,EMP021,PRJ014,2026-06-22,4.2,True
2437,EMP021,PRJ014,2026-06-23,4.7,False
2438,EMP021,PRJ014,2026-06-24,6.6,True
2439,EMP021,PRJ014,2026-06-25,4.0,True
2440,EMP021,PRJ014,2026-06-29,1.7,True
2441,EMP021,PRJ014,2026-06-30,8.5,True
2442,EMP021,PRJ014,2026-07-01,7.7,True
2443,EMP021,PRJ014,2026-07-02,2.3,True
2444,EMP021,PRJ014,2026-07-03,-4.0,True
2445,EMP021,PRJ014,2026-07-06,3.9,True
2446,EMP021,PRJ014,2026-07-07,5.5,True
2447,EMP021,PRJ014,2026-07-08,5.5,True
2448,EMP021,PRJ014,2026-07-09,4.5,True
2449,EMP021,PRJ014,2026-07-10,3.3,True
2450,EMP021,PRJ014,2026-07-13,3.5,True
2451,EMP021,PRJ014,2026-07-14,3.1,True
2452,EMP021,PRJ014,2026-07-15,3.2,True
2453,EMP021,PRJ014,2026-07-16,4.8,True
2454,EMP021,PRJ014,2026-07-20,3.5,True
2455,EMP021,PRJ014,2026-07-21,6.3,True
2456,EMP021,PRJ014,2026-07-22,7.9,True
2457,EMP021,PRJ014,2026-07-23,3.8,True
2458,EMP021,PRJ014,2026-07-24,5.4,True
2459,EMP021,PRJ014,2026-07-29,5.9,True
2460,EMP021,PRJ014,2026-07-30,5.9,True
2461,EMP021,PRJ014,2026-07-31,5.1,True
2462,EMP021,PRJ014,2026-08-03,6.4,True
2463,EMP021,PRJ014,2026-08-04,5.9,True
2464,EMP021,PRJ014,2026-08-05,2.4,True
2465,EMP021,PRJ014,2026-08-06,0.0,True
2466,EMP021,PRJ014,2026-08-07,6.7,True
2467,EMP021,PRJ014,2026-08-11,3.4,True
2468,EMP021,PRJ014,2026-08-13,5.0,True
2469,EMP021,PRJ014,2026-08-14,6.3,True
2470,EMP021,PRJ014,2026-08-17,4.5,False
2471,EMP021,PRJ014,2026-08-18,7.1,True
2472,EMP021,PRJ014,2026-08-19,9.7,True
2473,EMP021,PRJ014,2026-08-20,3.3,True
2474,EMP021,PRJ014,2026-08-21,2.1,True
2475,EMP021,PRJ014,2026-08-24,5.6,True
2476,EMP021,PRJ014,2026-08-25,6.4,True
2477,EMP021,PRJ014,2026-08-26,4.5,True
2478,EMP021,PRJ014,2026-08-27,7.9,True
2479,EMP021,PRJ014,2026-08-28,2.2,True
2480,EMP021,PRJ014,2026-08-31,6.3,True
2481,EMP021,PRJ014,2026-09-01,3.7,True
2482,EMP021,PRJ014,2026-09-03,8.4,True
2483,EMP021,PRJ014,2026-09-04,9.0,True
2484,EMP021,PRJ014,2026-09-07,3.4,True
2485,EMP007,PRJ014,2026-04-03,3.8,True
2486,EMP007,PRJ014,2026-04-07,6.7,True
2487,EMP007,PRJ014,2026-04-08,4.1,False
2488,EMP007,PRJ014,2026-04-09,4.8,True
2489,EMP007,PRJ014,2026-04-10,5.0,True
2490,EMP007,PRJ014,2026-04-13,1.0,True
2491,EMP007,PRJ014,2026-04-15,4.9,True
2492,EMP007,PRJ014,2026-04-16,3.5,True
2493,EMP007,PRJ014,2026-04-17,3.9,False
2494,EMP007,PRJ014,2026-04-21,7.9,True
2495,EMP007,PRJ014,2026-04-22,2.4,True
2496,EMP007,PRJ014,2026-04-23,6.6,True
2497,EMP007,PRJ014,2026-04-24,4.4,True
2498,EMP007,PRJ014,2026-04-27,4.4,True
2499,EMP007,PRJ014,2026-04-28,6.5,True
2500,EMP007,PRJ014,2026-04-29,5.6,True
2501,EMP007,PRJ014,2026-05-01,6.1,False
2502,EMP007,PRJ014,2026-05-04,6.9,True
2503,EMP007,PRJ014,2026-05-05,4.3,True
2504,EMP007,PRJ014,2026-05-06,3.7,True
2505,EMP007,PRJ014,2026-05-08,2.7,True
2506,EMP007,PRJ014,2026-05-11,3.3,True
2507,EMP007,PRJ014,2026-05-12,10.9,True
2508,EMP007,PRJ014,2026-05-13,7.5,False
2509,EMP007,PRJ014,2026-05-14,2.2,True
2510,EMP007,PRJ014,2026-05-15,2.3,True
2511,EMP007,PRJ014,2026-05-18,5.9,True
2512,EMP007,PRJ014,2026-05-19,6.0,True
2513,EMP007,PRJ014,2026-05-20,6.0,True
2514,EMP007,PRJ014,2026-05-21,4.4,True
2515,EMP007,PRJ014,2026-05-22,4.7,True
2516,EMP007,PRJ014,2026-05-26,5.6,True
2517,EMP007,PRJ014,2026-05-27,5.1,True
2518,EMP007,PRJ014,2026-05-28,0.5,True
2519,EMP007,PRJ014,2026-05-29,4.5,False
2520,EMP007,PRJ014,2026-06-02,3.2,True
2521,EMP007,PRJ014,2026-06-03,5.3,True
2522,EMP007,PRJ014,2026-06-04,11.0,True
2523,EMP007,PRJ014,2026-06-05,5.7,True
2524,EMP007,PRJ014,2026-06-08,4.3,True
2525,EMP007,PRJ014,2026-06-09,6.8,True
2526,EMP007,PRJ014,2026-06-10,5.9,True
2527,EMP007,PRJ014,2026-06-11,5.8,True
2528,EMP007,PRJ014,2026-06-12,6.2,False
2529,EMP007,PRJ014,2026-06-15,9.1,False
2530,EMP007,PRJ014,2026-06-18,2.6,True
2531,EMP007,PRJ014,2026-06-19,5.9,True
2532,EMP007,PRJ014,2026-06-22,3.1,True
2533,EMP007,PRJ014,2026-06-23,6.1,True
2534,EMP007,PRJ014,2026-06-24,3.1,True
2535,EMP007,PRJ014,2026-06-25,4.1,True
2536,EMP007,PRJ014,2026-06-26,4.3,True
2537,EMP007,PRJ014,2026-06-29,6.9,True
2538,EMP007,PRJ014,2026-06-30,6.8,True
2539,EMP007,PRJ014,2026-07-01,2.4,True
2540,EMP007,PRJ014,2026-07-02,5.0,True
2541,EMP007,PRJ014,2026-07-06,3.5,False
2542,EMP007,PRJ014,2026-07-07,2.4,True
2543,EMP007,PRJ014,2026-07-08,4.5,True
2544,EMP007,PRJ014,2026-07-09,4.3,True
2545,EMP007,PRJ014,2026-07-10,9.9,False
2546,EMP007,PRJ014,2026-07-13,5.8,False
2547,EMP007,PRJ014,2026-07-14,2.1,True
2548,EMP007,PRJ014,2026-07-15,3.8,True
2549,EMP007,PRJ014,2026-07-16,7.0,True
2550,EMP007,PRJ014,2026-07-17,9.2,True
2551,EMP007,PRJ014,2026-07-20,1.7,True
2552,EMP007,PRJ014,2026-07-21,1.1,True
2553,EMP007,PRJ014,2026-07-22,8.7,True
2554,EMP007,PRJ014,2026-07-23,5.7,False
2555,EMP007,PRJ014,2026-07-27,3.2,True
2556,EMP007,PRJ014,2026-07-28,6.0,True
2557,EMP007,PRJ014,2026-07-29,0.5,True
2558,EMP007,PRJ014,2026-07-30,4.9,False
2559,EMP007,PRJ014,2026-07-31,5.6,False
2560,EMP007,PRJ014,2026-08-03,6.8,True
2561,EMP007,PRJ014,2026-08-04,2.9,True
2562,EMP007,PRJ014,2026-08-05,5.1,True
2563,EMP007,PRJ014,2026-08-06,3.1,True
2564,EMP007,PRJ014,2026-08-07,5.5,False
2565,EMP007,PRJ014,2026-08-10,3.1,True
2566,EMP007,PRJ014,2026-08-11,4.1,True
2567,EMP007,PRJ014,2026-08-12,2.9,True
2568,EMP007,PRJ014,2026-08-13,6.3,True
2569,EMP007,PRJ014,2026-08-14,6.7,True
2570,EMP007,PRJ014,2026-08-17,4.5,True
2571,EMP007,PRJ014,2026-08-18,5.0,True
2572,EMP007,PRJ014,2026-08-19,2.0,True
2573,EMP007,PRJ014,2026-08-20,4.3,False
2574,EMP007,PRJ014,2026-08-21,4.8,True
2575,EMP007,PRJ014,2026-08-24,10.2,True
2576,EMP007,PRJ014,2026-08-25,2.7,True
2577,EMP007,PRJ014,2026-08-26,7.9,True
2578,EMP007,PRJ014,2026-08-27,7.0,True
2579,EMP007,PRJ014,2026-08-28,5.5,True
2580,EMP007,PRJ014,2026-08-31,8.5,False
2581,EMP007,PRJ014,2026-09-01,5.7,True
2582,EMP007,PRJ014,2026-09-02,5.7,True
2583,EMP007,PRJ014,2026-09-03,4.8,True
2584,EMP007,PRJ014,2026-09-04,7.4,True
2585,EMP007,PRJ014,2026-09-07,7.2,True
2586,EMP011,PRJ015,2026-01-22,6.4,True
2587,EMP011,PRJ015,2026-01-23,4.1,True
2588,EMP011,PRJ015,2026-01-26,7.7,True
2589,EMP011,PRJ015,2026-01-27,5.8,True
2590,EMP011,PRJ015,2026-01-28,8.2,False
2591,EMP011,PRJ015,2026-01-29,12.0,True
2592,EMP011,PRJ015,2026-01-30,6.9,True
2593,EMP011,PRJ015,2026-02-02,8.3,False
2594,EMP011,PRJ015,2026-02-03,8.6,True
2595,EMP011,PRJ015,2026-02-04,11.1,True
2596,EMP011,PRJ015,2026-02-05,1.1,True
2597,EMP011,PRJ015,2026-02-06,6.4,False
2598,EMP011,PRJ015,2026-02-09,9.1,False
2599,EMP011,PRJ015,2026-02-10,12.0,True
2600,EMP011,PRJ015,2026-02-11,6.8,True
2601,EMP011,PRJ015,2026-02-12,2.3,True
2602,EMP011,PRJ015,2026-02-13,10.4,True
2603,EMP011,PRJ015,2026-02-16,6.3,True
2604,EMP011,PRJ015,2026-02-17,4.5,True
2605,EMP011,PRJ015,2026-02-18,6.4,True
2606,EMP011,PRJ015,2026-02-19,7.8,True
2607,EMP011,PRJ015,2026-02-20,0.0,True
2608,EMP011,PRJ015,2026-02-23,1.3,True
2609,EMP011,PRJ015,2026-02-24,11.3,True
2610,EMP011,PRJ015,2026-02-25,12.0,True
2611,EMP011,PRJ015,2026-02-26,10.5,True
2612,EMP011,PRJ015,2026-02-27,4.7,True
2613,EMP011,PRJ015,2026-03-02,7.7,True
2614,EMP011,PRJ015,2026-03-03,8.4,True
2615,EMP011,PRJ015,2026-03-04,10.3,True
2616,EMP011,PRJ015,2026-03-05,10.6,True
2617,EMP011,PRJ015,2026-03-06,6.0,True
2618,EMP011,PRJ015,2026-03-09,8.7,True
2619,EMP011,PRJ015,2026-03-10,9.9,True
2620,EMP011,PRJ015,2026-03-11,12.0,True
2621,EMP011,PRJ015,2026-03-12,10.7,True
2622,EMP011,PRJ015,2026-03-13,11.0,True
2623,EMP011,PRJ015,2026-03-16,8.7,True
2624,EMP011,PRJ015,2026-03-17,12.0,True
2625,EMP011,PRJ015,2026-03-18,9.7,True
2626,EMP011,PRJ015,2026-03-19,5.6,True
2627,EMP011,PRJ015,2026-03-20,12.0,True
2628,EMP011,PRJ015,2026-03-23,10.7,True
2629,EMP011,PRJ015,2026-03-24,7.0,True
2630,EMP011,PRJ015,2026-03-25,6.8,True
2631,EMP011,PRJ015,2026-03-26,9.4,False
2632,EMP011,PRJ015,2026-03-30,9.9,True
2633,EMP011,PRJ015,2026-03-31,9.0,True
2634,EMP011,PRJ015,2026-04-01,9.4,True
2635,EMP011,PRJ015,2026-04-02,12.0,True
2636,EMP011,PRJ015,2026-04-03,11.9,False
2637,EMP011,PRJ015,2026-04-06,9.0,True
2638,EMP011,PRJ015,2026-04-07,11.4,True
2639,EMP011,PRJ015,2026-04-08,5.1,True
2640,EMP026,PRJ016,2026-03-12,3.6,False
2641,EMP026,PRJ016,2026-03-13,5.5,True
2642,EMP026,PRJ016,2026-03-18,2.8,False
2643,EMP026,PRJ016,2026-03-19,1.9,True
2644,EMP026,PRJ016,2026-03-20,2.2,True
2645,EMP026,PRJ016,2026-03-23,1.6,True
2646,EMP026,PRJ016,2026-03-24,2.0,True
2647,EMP026,PRJ016,2026-03-25,2.5,False
2648,EMP026,PRJ016,2026-03-26,1.1,True
2649,EMP026,PRJ016,2026-03-27,3.1,True
2650,EMP026,PRJ016,2026-03-30,4.3,True
2651,EMP026,PRJ016,2026-03-31,1.8,True
2652,EMP026,PRJ016,2026-04-01,5.1,True
2653,EMP026,PRJ016,2026-04-02,3.8,True
2654,EMP026,PRJ016,2026-04-03,4.5,True
2655,EMP026,PRJ016,2026-04-06,2.2,False
2656,EMP026,PRJ016,2026-04-07,4.2,True
2657,EMP026,PRJ016,2026-04-08,1.6,False
2658,EMP026,PRJ016,2026-04-09,4.3,True
2659,EMP026,PRJ016,2026-04-10,3.3,False
2660,EMP026,PRJ016,2026-04-13,3.8,True
2661,EMP026,PRJ016,2026-04-14,1.4,True
2662,EMP026,PRJ016,2026-04-15,1.8,True
2663,EMP026,PRJ016,2026-04-16,3.9,True
2664,EMP026,PRJ016,2026-04-17,1.8,True
2665,EMP026,PRJ016,2026-04-20,3.7,True
2666,EMP026,PRJ016,2026-04-21,1.2,True
2667,EMP026,PRJ016,2026-04-22,4.2,True
2668,EMP026,PRJ016,2026-04-23,1.4,False
2669,EMP026,PRJ016,2026-04-24,3.8,True
2670,EMP026,PRJ016,2026-04-27,3.9,True
2671,EMP026,PRJ016,2026-04-28,2.1,True
2672,EMP026,PRJ016,2026-04-29,3.9,True
2673,EMP026,PRJ016,2026-04-30,3.4,True
2674,EMP026,PRJ016,2026-05-01,2.3,True
2675,EMP026,PRJ016,2026-05-04,1.7,True
2676,EMP026,PRJ016,2026-05-05,0.5,True
2677,EMP026,PRJ016,2026-05-06,3.5,True
2678,EMP026,PRJ016,2026-05-07,0.9,True
2679,EMP026,PRJ016,2026-05-08,3.2,False
2680,EMP026,PRJ016,2026-05-11,2.7,True
2681,EMP026,PRJ016,2026-05-12,-4.0,True
2682,EMP026,PRJ016,2026-05-13,2.6,True
2683,EMP026,PRJ016,2026-05-14,2.6,True
2684,EMP026,PRJ016,2026-05-15,4.1,False
2685,EMP026,PRJ016,2026-05-18,3.5,True
2686,EMP026,PRJ016,2026-05-19,3.5,False
2687,EMP026,PRJ016,2026-05-20,3.7,True
2688,EMP026,PRJ016,2026-05-22,1.0,True
2689,EMP026,PRJ016,2026-05-25,4.1,True
2690,EMP026,PRJ016,2026-05-26,3.9,False
2691,EMP026,PRJ016,2026-05-27,1.7,True
2692,EMP026,PRJ016,2026-05-28,2.7,True
2693,EMP026,PRJ016,2026-05-29,3.0,True
2694,EMP026,PRJ016,2026-06-01,2.9,False
2695,EMP026,PRJ016,2026-06-02,3.5,True
2696,EMP026,PRJ016,2026-06-03,5.0,True
2697,EMP026,PRJ016,2026-06-04,4.5,True
2698,EMP026,PRJ016,2026-06-08,1.3,True
2699,EMP026,PRJ016,2026-06-09,3.9,True
2700,EMP026,PRJ016,2026-06-10,4.9,True
2701,EMP026,PRJ016,2026-06-11,3.6,True
2702,EMP026,PRJ016,2026-06-12,4.5,True
2703,EMP026,PRJ016,2026-06-15,5.8,True
2704,EMP026,PRJ016,2026-06-16,4.5,True
2705,EMP026,PRJ016,2026-06-17,3.4,True
2706,EMP026,PRJ016,2026-06-18,4.5,False
2707,EMP026,PRJ016,2026-06-19,3.3,True
2708,EMP026,PRJ016,2026-06-22,3.1,False
2709,EMP026,PRJ016,2026-06-23,2.6,True
2710,EMP026,PRJ016,2026-06-24,5.2,True
2711,EMP026,PRJ016,2026-06-25,1.9,True
2712,EMP026,PRJ016,2026-06-26,5.2,False
2713,EMP026,PRJ016,2026-06-29,3.7,True
2714,EMP026,PRJ016,2026-06-30,1.1,True
2715,EMP026,PRJ016,2026-07-01,3.6,True
2716,EMP026,PRJ016,2026-07-02,0.5,True
2717,EMP026,PRJ016,2026-07-03,3.9,True
2718,EMP026,PRJ016,2026-07-06,4.3,True
2719,EMP026,PRJ016,2026-07-07,2.2,True
2720,EMP026,PRJ016,2026-07-08,3.2,True
2721,EMP026,PRJ016,2026-07-09,5.7,True
2722,EMP026,PRJ016,2026-07-10,2.4,True
2723,EMP026,PRJ016,2026-07-13,1.6,True
2724,EMP026,PRJ016,2026-07-14,5.1,True
2725,EMP026,PRJ016,2026-07-15,5.7,True
2726,EMP026,PRJ016,2026-07-16,3.1,False
2727,EMP026,PRJ016,2026-07-17,4.4,True
2728,EMP026,PRJ016,2026-07-20,4.9,True
2729,EMP026,PRJ016,2026-07-21,2.0,True
2730,EMP026,PRJ016,2026-07-22,2.4,True
2731,EMP026,PRJ016,2026-07-23,4.7,True
2732,EMP026,PRJ016,2026-07-24,5.4,True
2733,EMP026,PRJ016,2026-07-29,3.8,True
2734,EMP026,PRJ016,2026-07-30,1.8,True
2735,EMP015,PRJ016,2026-03-12,5.8,True
2736,EMP015,PRJ016,2026-03-13,2.3,True
2737,EMP015,PRJ016,2026-03-16,2.6,True
2738,EMP015,PRJ016,2026-03-17,3.5,True
2739,EMP015,PRJ016,2026-03-18,5.2,True
2740,EMP015,PRJ016,2026-03-19,4.2,False
2741,EMP015,PRJ016,2026-03-20,3.6,True
2742,EMP015,PRJ016,2026-03-23,3.7,True
2743,EMP015,PRJ016,2026-03-24,3.1,False
2744,EMP015,PRJ016,2026-03-25,3.8,True
2745,EMP015,PRJ016,2026-03-26,0.5,True
2746,EMP015,PRJ016,2026-03-30,2.6,True
2747,EMP015,PRJ016,2026-03-31,3.4,False
2748,EMP015,PRJ016,2026-04-01,1.5,False
2749,EMP015,PRJ016,2026-04-02,3.6,False
2750,EMP015,PRJ016,2026-04-03,2.8,False
2751,EMP015,PRJ016,2026-04-07,5.5,True
2752,EMP015,PRJ016,2026-04-09,5.2,True
2753,EMP015,PRJ016,2026-04-10,2.4,True
2754,EMP015,PRJ016,2026-04-13,2.8,False
2755,EMP015,PRJ016,2026-04-14,3.0,True
2756,EMP015,PRJ016,2026-04-15,2.4,True
2757,EMP015,PRJ016,2026-04-16,3.3,True
2758,EMP015,PRJ016,2026-04-17,2.0,True
2759,EMP015,PRJ016,2026-04-20,1.5,True
2760,EMP015,PRJ016,2026-04-21,3.9,True
2761,EMP015,PRJ016,2026-04-22,3.9,True
2762,EMP015,PRJ016,2026-04-24,2.0,False
2763,EMP015,PRJ016,2026-04-27,4.3,True
2764,EMP015,PRJ016,2026-04-28,2.2,True
2765,EMP015,PRJ016,2026-04-30,3.4,True
2766,EMP015,PRJ016,2026-05-01,4.2,True
2767,EMP015,PRJ016,2026-05-04,3.0,True
2768,EMP015,PRJ016,2026-05-05,3.7,True
2769,EMP015,PRJ016,2026-05-06,2.3,True
2770,EMP015,PRJ016,2026-05-07,2.8,False
2771,EMP015,PRJ016,2026-05-08,2.8,True
2772,EMP015,PRJ016,2026-05-11,2.0,True
2773,EMP015,PRJ016,2026-05-12,2.8,False
2774,EMP015,PRJ016,2026-05-13,0.9,True
2775,EMP015,PRJ016,2026-05-14,2.4,True
2776,EMP015,PRJ016,2026-05-15,2.7,True
2777,EMP015,PRJ016,2026-05-18,2.7,True
2778,EMP015,PRJ016,2026-05-19,2.7,True
2779,EMP015,PRJ016,2026-05-20,3.0,True
2780,EMP015,PRJ016,2026-05-21,3.7,True
2781,EMP015,PRJ016,2026-05-22,4.3,True
2782,EMP015,PRJ016,2026-05-25,2.2,True
2783,EMP015,PRJ016,2026-05-26,1.4,False
2784,EMP015,PRJ016,2026-05-27,1.6,True
2785,EMP015,PRJ016,2026-05-28,2.4,True
2786,EMP015,PRJ016,2026-06-01,2.6,True
2787,EMP015,PRJ016,2026-06-03,2.0,True
2788,EMP015,PRJ016,2026-06-04,1.3,True
2789,EMP015,PRJ016,2026-06-05,2.4,True
2790,EMP015,PRJ016,2026-06-08,3.3,True
2791,EMP015,PRJ016,2026-06-09,3.9,True
2792,EMP015,PRJ016,2026-06-10,2.3,True
2793,EMP015,PRJ016,2026-06-12,2.5,True
2794,EMP015,PRJ016,2026-06-15,1.8,True
2795,EMP015,PRJ016,2026-06-16,3.0,True
2796,EMP015,PRJ016,2026-06-17,1.9,True
2797,EMP015,PRJ016,2026-06-18,3.8,True
2798,EMP015,PRJ016,2026-06-19,0.6,True
2799,EMP015,PRJ016,2026-06-22,2.6,True
2800,EMP015,PRJ016,2026-06-23,3.5,True
2801,EMP015,PRJ016,2026-06-24,3.3,True
2802,EMP015,PRJ016,2026-06-25,6.7,False
2803,EMP015,PRJ016,2026-06-26,3.5,True
2804,EMP015,PRJ016,2026-06-29,1.7,True
2805,EMP015,PRJ016,2026-06-30,2.9,True
2806,EMP015,PRJ016,2026-07-01,0.6,True
2807,EMP015,PRJ016,2026-07-02,2.9,False
2808,EMP015,PRJ016,2026-07-03,-4.0,True
2809,EMP015,PRJ016,2026-07-06,4.3,True
2810,EMP015,PRJ016,2026-07-07,2.3,True
2811,EMP015,PRJ016,2026-07-08,2.9,True
2812,EMP015,PRJ016,2026-07-09,2.2,True
2813,EMP015,PRJ016,2026-07-10,5.4,True
2814,EMP015,PRJ016,2026-07-13,2.6,True
2815,EMP015,PRJ016,2026-07-14,5.6,True
2816,EMP015,PRJ016,2026-07-15,4.2,False
2817,EMP015,PRJ016,2026-07-16,3.7,True
2818,EMP015,PRJ016,2026-07-17,3.6,True
2819,EMP015,PRJ016,2026-07-20,3.6,True
2820,EMP015,PRJ016,2026-07-21,0.5,True
2821,EMP015,PRJ016,2026-07-22,2.7,True
2822,EMP015,PRJ016,2026-07-23,4.2,True
2823,EMP015,PRJ016,2026-07-24,3.0,False
2824,EMP015,PRJ016,2026-07-27,1.1,True
2825,EMP015,PRJ016,2026-07-28,3.0,True
2826,EMP015,PRJ016,2026-07-29,5.4,True
2827,EMP015,PRJ016,2026-07-30,4.8,True
2828,EMP012,PRJ017,2026-02-26,2.0,True
2829,EMP012,PRJ017,2026-02-27,3.0,True
2830,EMP012,PRJ017,2026-03-02,1.6,True
2831,EMP012,PRJ017,2026-03-03,0.5,True
2832,EMP012,PRJ017,2026-03-04,27.0,True
2833,EMP012,PRJ017,2026-03-05,3.6,True
2834,EMP012,PRJ017,2026-03-06,1.7,True
2835,EMP012,PRJ017,2026-03-09,1.8,True
2836,EMP012,PRJ017,2026-03-10,1.7,True
2837,EMP012,PRJ017,2026-03-11,3.9,True
2838,EMP012,PRJ017,2026-03-12,3.7,True
2839,EMP012,PRJ017,2026-03-13,4.2,False
2840,EMP012,PRJ017,2026-03-16,1.9,False
2841,EMP012,PRJ017,2026-03-17,2.3,True
2842,EMP012,PRJ017,2026-03-18,0.5,True
2843,EMP012,PRJ017,2026-03-19,3.5,True
2844,EMP012,PRJ017,2026-03-20,0.8,True
2845,EMP012,PRJ017,2026-03-23,2.2,True
2846,EMP012,PRJ017,2026-03-24,0.9,True
2847,EMP012,PRJ017,2026-03-25,1.4,True
2848,EMP012,PRJ017,2026-03-26,1.2,True
2849,EMP012,PRJ017,2026-03-30,1.4,True
2850,EMP012,PRJ017,2026-03-31,1.5,True
2851,EMP012,PRJ017,2026-04-01,1.5,True
2852,EMP012,PRJ017,2026-04-02,2.9,True
2853,EMP012,PRJ017,2026-04-03,0.9,False
2854,EMP012,PRJ017,2026-04-06,2.2,True
2855,EMP012,PRJ017,2026-04-07,27.0,False
2856,EMP012,PRJ017,2026-04-08,1.5,False
2857,EMP012,PRJ017,2026-04-09,1.3,True
2858,EMP012,PRJ017,2026-04-10,1.8,True
2859,EMP012,PRJ017,2026-04-13,3.2,True
2860,EMP012,PRJ017,2026-04-14,2.2,True
2861,EMP012,PRJ017,2026-04-15,1.5,False
2862,EMP012,PRJ017,2026-04-16,2.5,True
2863,EMP012,PRJ017,2026-04-17,0.9,False
2864,EMP012,PRJ017,2026-04-20,2.7,True
2865,EMP012,PRJ017,2026-04-21,2.4,False
2866,EMP012,PRJ017,2026-04-22,1.7,True
2867,EMP012,PRJ017,2026-04-23,1.2,True
2868,EMP012,PRJ017,2026-04-24,1.1,True
2869,EMP012,PRJ017,2026-04-28,2.6,True
2870,EMP012,PRJ017,2026-04-29,3.3,True
2871,EMP012,PRJ017,2026-04-30,1.4,False
2872,EMP012,PRJ017,2026-05-04,2.5,True
2873,EMP012,PRJ017,2026-05-05,0.5,False
2874,EMP012,PRJ017,2026-05-06,1.4,True
2875,EMP012,PRJ017,2026-05-08,2.0,True
2876,EMP012,PRJ017,2026-05-11,1.1,True
2877,EMP012,PRJ017,2026-05-12,1.1,True
2878,EMP012,PRJ017,2026-05-13,1.3,False
2879,EMP012,PRJ017,2026-05-14,2.3,True
2880,EMP012,PRJ017,2026-05-15,1.8,True
2881,EMP012,PRJ017,2026-05-18,0.5,True
2882,EMP012,PRJ017,2026-05-19,0.5,True
2883,EMP012,PRJ017,2026-05-20,1.4,False
2884,EMP012,PRJ017,2026-05-22,2.5,True
2885,EMP012,PRJ017,2026-05-25,0.5,True
2886,EMP012,PRJ017,2026-05-26,1.5,True
2887,EMP012,PRJ017,2026-05-27,1.5,True
2888,EMP012,PRJ017,2026-05-28,3.4,True
2889,EMP012,PRJ017,2026-05-29,1.6,True
2890,EMP012,PRJ017,2026-06-01,2.4,True
2891,EMP012,PRJ017,2026-06-02,2.2,True
2892,EMP012,PRJ017,2026-06-04,0.5,True
2893,EMP012,PRJ017,2026-06-05,2.8,True
2894,EMP012,PRJ017,2026-06-08,2.2,False
2895,EMP012,PRJ017,2026-06-09,2.5,True
2896,EMP012,PRJ017,2026-06-10,6.0,True
2897,EMP012,PRJ017,2026-06-11,0.5,False
2898,EMP012,PRJ017,2026-06-12,3.7,True
2899,EMP012,PRJ017,2026-06-15,1.7,True
2900,EMP012,PRJ017,2026-06-16,2.3,True
2901,EMP012,PRJ017,2026-06-17,2.0,True
2902,EMP012,PRJ017,2026-06-18,1.6,False
2903,EMP012,PRJ017,2026-06-22,1.4,True
2904,EMP012,PRJ017,2026-06-23,2.3,True
2905,EMP012,PRJ017,2026-06-24,0.5,True
2906,EMP012,PRJ017,2026-06-25,2.8,True
2907,EMP012,PRJ017,2026-06-26,1.6,True
2908,EMP012,PRJ017,2026-06-29,0.9,True
2909,EMP012,PRJ017,2026-06-30,1.6,True
2910,EMP012,PRJ017,2026-07-01,3.3,True
2911,EMP012,PRJ017,2026-07-02,1.5,True
2912,EMP012,PRJ017,2026-07-03,2.4,True
2913,EMP012,PRJ017,2026-07-06,1.3,True
2914,EMP012,PRJ017,2026-07-07,2.8,False
2915,EMP012,PRJ017,2026-07-08,2.7,True
2916,EMP012,PRJ017,2026-07-09,3.9,True
2917,EMP012,PRJ017,2026-07-10,1.8,True
2918,EMP012,PRJ017,2026-07-13,2.7,True
2919,EMP012,PRJ017,2026-07-14,2.1,True
2920,EMP012,PRJ017,2026-07-15,3.3,True
2921,EMP012,PRJ017,2026-07-16,1.3,True
2922,EMP012,PRJ017,2026-07-17,2.8,False
2923,EMP012,PRJ017,2026-07-20,1.8,True
2924,EMP012,PRJ017,2026-07-21,2.0,True
2925,EMP012,PRJ017,2026-07-22,2.1,True
2926,EMP012,PRJ017,2026-07-23,2.3,True
2927,EMP012,PRJ017,2026-07-24,1.9,True
2928,EMP012,PRJ017,2026-07-27,2.2,False
2929,EMP012,PRJ017,2026-07-28,3.6,True
2930,EMP012,PRJ017,2026-07-29,3.0,True
2931,EMP012,PRJ017,2026-07-30,2.9,True
2932,EMP012,PRJ017,2026-07-31,1.6,True
2933,EMP012,PRJ017,2026-08-03,1.1,True
2934,EMP012,PRJ017,2026-08-04,3.0,True
2935,EMP012,PRJ017,2026-08-05,2.9,False
2936,EMP012,PRJ017,2026-08-06,3.5,True
2937,EMP012,PRJ017,2026-08-07,1.4,True
2938,EMP012,PRJ017,2026-08-10,1.8,False
2939,EMP012,PRJ017,2026-08-11,0.5,True
2940,EMP012,PRJ017,2026-08-12,1.6,False
2941,EMP012,PRJ017,2026-08-13,3.0,True
2942,EMP012,PRJ017,2026-08-18,1.5,True
2943,EMP012,PRJ017,2026-08-19,2.7,True
2944,EMP012,PRJ017,2026-08-20,1.8,True
2945,EMP012,PRJ017,2026-08-21,2.3,True
2946,EMP012,PRJ017,2026-08-25,0.9,True
2947,EMP012,PRJ017,2026-08-26,2.1,True
2948,EMP012,PRJ017,2026-08-27,0.5,True
2949,EMP012,PRJ017,2026-08-28,1.8,True
2950,EMP012,PRJ017,2026-08-31,0.5,True
2951,EMP012,PRJ017,2026-09-01,3.2,True
2952,EMP012,PRJ017,2026-09-02,2.8,True
2953,EMP012,PRJ017,2026-09-04,2.5,True
2954,EMP012,PRJ017,2026-09-07,3.5,False
2955,EMP002,PRJ017,2026-02-27,1.1,False
2956,EMP002,PRJ017,2026-03-02,3.8,True
2957,EMP002,PRJ017,2026-03-03,3.0,True
2958,EMP002,PRJ017,2026-03-04,1.8,True
2959,EMP002,PRJ017,2026-03-05,3.2,True
2960,EMP002,PRJ017,2026-03-06,0.9,True
2961,EMP002,PRJ017,2026-03-09,1.2,True
2962,EMP002,PRJ017,2026-03-10,1.4,True
2963,EMP002,PRJ017,2026-03-11,1.5,True
2964,EMP002,PRJ017,2026-03-12,1.0,True
2965,EMP002,PRJ017,2026-03-13,3.2,True
2966,EMP002,PRJ017,2026-03-16,1.8,True
2967,EMP002,PRJ017,2026-03-17,2.4,True
2968,EMP002,PRJ017,2026-03-18,1.4,True
2969,EMP002,PRJ017,2026-03-19,0.5,True
2970,EMP002,PRJ017,2026-03-20,2.3,True
2971,EMP002,PRJ017,2026-03-23,0.0,True
2972,EMP002,PRJ017,2026-03-24,1.9,False
2973,EMP002,PRJ017,2026-03-27,0.6,True
2974,EMP002,PRJ017,2026-03-30,4.0,True
2975,EMP002,PRJ017,2026-03-31,2.9,True
2976,EMP002,PRJ017,2026-04-01,2.1,True
2977,EMP002,PRJ017,2026-04-02,3.3,True
2978,EMP002,PRJ017,2026-04-03,1.2,True
2979,EMP002,PRJ017,2026-04-06,2.6,True
2980,EMP002,PRJ017,2026-04-07,2.2,False
2981,EMP002,PRJ017,2026-04-08,2.3,True
2982,EMP002,PRJ017,2026-04-09,3.3,True
2983,EMP002,PRJ017,2026-04-10,2.8,False
2984,EMP002,PRJ017,2026-04-13,2.3,True
2985,EMP002,PRJ017,2026-04-14,0.5,True
2986,EMP002,PRJ017,2026-04-15,1.1,True
2987,EMP002,PRJ017,2026-04-16,1.9,True
2988,EMP002,PRJ017,2026-04-17,2.1,True
2989,EMP002,PRJ017,2026-04-20,0.9,False
2990,EMP002,PRJ017,2026-04-22,4.4,True
2991,EMP002,PRJ017,2026-04-23,3.5,True
2992,EMP002,PRJ017,2026-04-24,2.6,True
2993,EMP002,PRJ017,2026-04-27,2.1,True
2994,EMP002,PRJ017,2026-04-28,1.8,True
2995,EMP002,PRJ017,2026-04-29,1.1,True
2996,EMP002,PRJ017,2026-04-30,2.1,True
2997,EMP002,PRJ017,2026-05-01,2.3,False
2998,EMP002,PRJ017,2026-05-05,0.8,True
2999,EMP002,PRJ017,2026-05-06,2.4,True
3000,EMP002,PRJ017,2026-05-07,1.9,True
3001,EMP002,PRJ017,2026-05-08,0.5,True
3002,EMP002,PRJ017,2026-05-11,1.2,True
3003,EMP002,PRJ017,2026-05-12,1.6,True
3004,EMP002,PRJ017,2026-05-13,3.9,False
3005,EMP002,PRJ017,2026-05-14,2.6,True
3006,EMP002,PRJ017,2026-05-15,0.7,True
3007,EMP002,PRJ017,2026-05-19,2.5,True
3008,EMP002,PRJ017,2026-05-20,0.5,True
3009,EMP002,PRJ017,2026-05-21,3.1,True
3010,EMP002,PRJ017,2026-05-22,1.5,True
3011,EMP002,PRJ017,2026-05-25,1.9,False
3012,EMP002,PRJ017,2026-05-26,3.3,True
3013,EMP002,PRJ017,2026-05-29,0.7,True
3014,EMP002,PRJ017,2026-06-01,0.6,True
3015,EMP002,PRJ017,2026-06-02,1.4,True
3016,EMP002,PRJ017,2026-06-03,3.1,False
3017,EMP002,PRJ017,2026-06-04,0.5,True
3018,EMP002,PRJ017,2026-06-05,0.5,True
3019,EMP002,PRJ017,2026-06-08,1.6,True
3020,EMP002,PRJ017,2026-06-09,2.6,True
3021,EMP002,PRJ017,2026-06-10,3.2,False
3022,EMP002,PRJ017,2026-06-11,1.6,False
3023,EMP002,PRJ017,2026-06-12,1.6,True
3024,EMP002,PRJ017,2026-06-15,3.2,True
3025,EMP002,PRJ017,2026-06-16,0.5,True
3026,EMP002,PRJ017,2026-06-17,1.6,True
3027,EMP002,PRJ017,2026-06-18,2.2,False
3028,EMP002,PRJ017,2026-06-19,2.5,True
3029,EMP002,PRJ017,2026-06-22,-4.0,True
3030,EMP002,PRJ017,2026-06-23,2.1,True
3031,EMP002,PRJ017,2026-06-24,0.5,True
3032,EMP002,PRJ017,2026-06-25,1.4,True
3033,EMP002,PRJ017,2026-06-26,2.5,True
3034,EMP002,PRJ017,2026-06-29,1.0,True
3035,EMP002,PRJ017,2026-06-30,2.1,True
3036,EMP002,PRJ017,2026-07-01,2.5,True
3037,EMP002,PRJ017,2026-07-02,1.7,True
3038,EMP002,PRJ017,2026-07-03,2.2,True
3039,EMP002,PRJ017,2026-07-06,1.0,True
3040,EMP002,PRJ017,2026-07-07,1.8,True
3041,EMP002,PRJ017,2026-07-08,2.6,True
3042,EMP002,PRJ017,2026-07-09,2.2,True
3043,EMP002,PRJ017,2026-07-10,1.4,True
3044,EMP002,PRJ017,2026-07-13,2.2,True
3045,EMP002,PRJ017,2026-07-14,2.7,False
3046,EMP002,PRJ017,2026-07-15,0.5,True
3047,EMP002,PRJ017,2026-07-16,3.2,True
3048,EMP002,PRJ017,2026-07-20,1.7,True
3049,EMP002,PRJ017,2026-07-21,2.4,True
3050,EMP002,PRJ017,2026-07-22,3.2,True
3051,EMP002,PRJ017,2026-07-23,0.6,True
3052,EMP002,PRJ017,2026-07-24,1.3,True
3053,EMP002,PRJ017,2026-07-27,1.7,True
3054,EMP002,PRJ017,2026-07-28,1.2,True
3055,EMP002,PRJ017,2026-07-30,3.8,False
3056,EMP002,PRJ017,2026-07-31,1.2,False
3057,EMP002,PRJ017,2026-08-03,1.5,True
3058,EMP002,PRJ017,2026-08-04,2.2,True
3059,EMP002,PRJ017,2026-08-05,0.8,True
3060,EMP002,PRJ017,2026-08-06,1.6,False
3061,EMP002,PRJ017,2026-08-07,2.3,True
3062,EMP002,PRJ017,2026-08-10,1.7,True
3063,EMP002,PRJ017,2026-08-11,1.9,True
3064,EMP002,PRJ017,2026-08-12,1.5,True
3065,EMP002,PRJ017,2026-08-13,0.5,True
3066,EMP002,PRJ017,2026-08-14,2.3,True
3067,EMP002,PRJ017,2026-08-17,3.8,True
3068,EMP002,PRJ017,2026-08-18,2.0,True
3069,EMP002,PRJ017,2026-08-19,2.2,True
3070,EMP002,PRJ017,2026-08-20,2.7,True
3071,EMP002,PRJ017,2026-08-21,0.7,True
3072,EMP002,PRJ017,2026-08-24,3.7,True
3073,EMP002,PRJ017,2026-08-25,2.2,True
3074,EMP002,PRJ017,2026-08-26,3.7,True
3075,EMP002,PRJ017,2026-08-27,1.3,True
3076,EMP002,PRJ017,2026-08-28,3.8,False
3077,EMP002,PRJ017,2026-08-31,2.8,True
3078,EMP002,PRJ017,2026-09-01,2.6,False
3079,EMP002,PRJ017,2026-09-02,2.3,True
3080,EMP002,PRJ017,2026-09-03,1.8,True
3081,EMP002,PRJ017,2026-09-04,3.2,True
3082,EMP002,PRJ017,2026-09-07,2.2,True
3083,EMP026,PRJ017,2026-02-26,0.5,True
3084,EMP026,PRJ017,2026-02-27,0.9,True
3085,EMP026,PRJ017,2026-03-03,1.8,True
3086,EMP026,PRJ017,2026-03-04,2.3,True
3087,EMP026,PRJ017,2026-03-05,2.0,True
3088,EMP026,PRJ017,2026-03-06,3.2,True
3089,EMP026,PRJ017,2026-03-09,0.5,True
3090,EMP026,PRJ017,2026-03-11,2.2,True
3091,EMP026,PRJ017,2026-03-12,0.5,False
3092,EMP026,PRJ017,2026-03-13,2.8,False
3093,EMP026,PRJ017,2026-03-16,1.9,True
3094,EMP026,PRJ017,2026-03-17,2.4,True
3095,EMP026,PRJ017,2026-03-18,1.1,True
3096,EMP026,PRJ017,2026-03-19,3.3,True
3097,EMP026,PRJ017,2026-03-20,3.1,False
3098,EMP026,PRJ017,2026-03-23,2.6,True
3099,EMP026,PRJ017,2026-03-24,1.9,False
3100,EMP026,PRJ017,2026-03-25,2.6,True
3101,EMP026,PRJ017,2026-03-26,1.3,True
3102,EMP026,PRJ017,2026-03-27,2.9,False
3103,EMP026,PRJ017,2026-03-30,3.7,True
3104,EMP026,PRJ017,2026-03-31,3.1,True
3105,EMP026,PRJ017,2026-04-01,1.3,True
3106,EMP026,PRJ017,2026-04-02,2.4,True
3107,EMP026,PRJ017,2026-04-03,0.7,False
3108,EMP026,PRJ017,2026-04-06,2.6,True
3109,EMP026,PRJ017,2026-04-07,2.5,True
3110,EMP026,PRJ017,2026-04-08,0.5,True
3111,EMP026,PRJ017,2026-04-09,0.8,True
3112,EMP026,PRJ017,2026-04-10,1.7,True
3113,EMP026,PRJ017,2026-04-13,1.7,True
3114,EMP026,PRJ017,2026-04-14,0.8,True
3115,EMP026,PRJ017,2026-04-15,2.4,True
3116,EMP026,PRJ017,2026-04-16,2.3,True
3117,EMP026,PRJ017,2026-04-17,1.8,True
3118,EMP026,PRJ017,2026-04-20,1.3,True
3119,EMP026,PRJ017,2026-04-21,3.1,False
3120,EMP026,PRJ017,2026-04-22,3.7,True
3121,EMP026,PRJ017,2026-04-23,1.5,True
3122,EMP026,PRJ017,2026-04-24,1.4,True
3123,EMP026,PRJ017,2026-04-28,2.5,False
3124,EMP026,PRJ017,2026-04-29,1.7,True
3125,EMP026,PRJ017,2026-04-30,1.9,True
3126,EMP026,PRJ017,2026-05-01,2.8,True
3127,EMP026,PRJ017,2026-05-04,0.5,True
3128,EMP026,PRJ017,2026-05-05,3.3,True
3129,EMP026,PRJ017,2026-05-06,2.1,True
3130,EMP026,PRJ017,2026-05-07,1.6,True
3131,EMP026,PRJ017,2026-05-08,1.9,True
3132,EMP026,PRJ017,2026-05-11,2.0,True
3133,EMP026,PRJ017,2026-05-12,0.5,True
3134,EMP026,PRJ017,2026-05-13,3.5,True
3135,EMP026,PRJ017,2026-05-14,2.1,True
3136,EMP026,PRJ017,2026-05-15,2.5,True
3137,EMP026,PRJ017,2026-05-19,3.0,True
3138,EMP026,PRJ017,2026-05-20,1.0,True
3139,EMP026,PRJ017,2026-05-21,-4.0,True
3140,EMP026,PRJ017,2026-05-22,1.7,False
3141,EMP026,PRJ017,2026-05-25,2.9,True
3142,EMP026,PRJ017,2026-05-27,0.5,True
3143,EMP026,PRJ017,2026-05-28,1.9,True
3144,EMP026,PRJ017,2026-05-29,1.4,True
3145,EMP026,PRJ017,2026-06-01,2.5,False
3146,EMP026,PRJ017,2026-06-02,2.5,True
3147,EMP026,PRJ017,2026-06-03,1.3,False
3148,EMP026,PRJ017,2026-06-04,1.3,True
3149,EMP026,PRJ017,2026-06-05,1.9,True
3150,EMP026,PRJ017,2026-06-08,1.1,True
3151,EMP026,PRJ017,2026-06-09,2.9,True
3152,EMP026,PRJ017,2026-06-10,1.6,True
3153,EMP026,PRJ017,2026-06-11,0.5,True
3154,EMP026,PRJ017,2026-06-12,1.6,False
3155,EMP026,PRJ017,2026-06-15,1.0,True
3156,EMP026,PRJ017,2026-06-17,0.5,True
3157,EMP026,PRJ017,2026-06-19,0.8,True
3158,EMP026,PRJ017,2026-06-22,2.1,True
3159,EMP026,PRJ017,2026-06-23,3.4,False
3160,EMP026,PRJ017,2026-06-24,2.3,True
3161,EMP026,PRJ017,2026-06-25,1.4,True
3162,EMP026,PRJ017,2026-06-26,2.5,True
3163,EMP026,PRJ017,2026-06-29,1.6,True
3164,EMP026,PRJ017,2026-06-30,1.3,True
3165,EMP026,PRJ017,2026-07-01,0.9,True
3166,EMP026,PRJ017,2026-07-03,0.5,True
3167,EMP026,PRJ017,2026-07-06,1.6,True
3168,EMP026,PRJ017,2026-07-07,2.2,True
3169,EMP026,PRJ017,2026-07-08,1.9,True
3170,EMP026,PRJ017,2026-07-10,1.6,True
3171,EMP026,PRJ017,2026-07-14,1.1,True
3172,EMP026,PRJ017,2026-07-15,2.6,True
3173,EMP026,PRJ017,2026-07-16,0.7,False
3174,EMP026,PRJ017,2026-07-17,2.8,True
3175,EMP026,PRJ017,2026-07-20,1.0,False
3176,EMP026,PRJ017,2026-07-21,1.3,False
3177,EMP026,PRJ017,2026-07-22,0.5,True
3178,EMP026,PRJ017,2026-07-23,1.5,True
3179,EMP026,PRJ017,2026-07-24,3.0,True
3180,EMP026,PRJ017,2026-07-27,2.5,True
3181,EMP026,PRJ017,2026-07-28,3.0,True
3182,EMP026,PRJ017,2026-07-29,2.5,False
3183,EMP026,PRJ017,2026-07-30,0.9,True
3184,EMP026,PRJ017,2026-07-31,1.7,False
3185,EMP026,PRJ017,2026-08-03,1.2,True
3186,EMP026,PRJ017,2026-08-04,3.4,True
3187,EMP026,PRJ017,2026-08-05,0.8,True
3188,EMP026,PRJ017,2026-08-06,2.9,True
3189,EMP026,PRJ017,2026-08-07,2.9,True
3190,EMP026,PRJ017,2026-08-10,3.9,True
3191,EMP026,PRJ017,2026-08-13,1.6,True
3192,EMP026,PRJ017,2026-08-14,2.7,True
3193,EMP026,PRJ017,2026-08-17,4.3,True
3194,EMP026,PRJ017,2026-08-18,1.4,True
3195,EMP026,PRJ017,2026-08-19,0.5,True
3196,EMP026,PRJ017,2026-08-20,0.5,True
3197,EMP026,PRJ017,2026-08-21,2.7,True
3198,EMP026,PRJ017,2026-08-24,0.5,True
3199,EMP026,PRJ017,2026-08-25,1.6,True
3200,EMP026,PRJ017,2026-08-26,2.5,True
3201,EMP026,PRJ017,2026-08-27,2.2,True
3202,EMP026,PRJ017,2026-08-28,2.4,True
3203,EMP026,PRJ017,2026-08-31,2.2,True
3204,EMP026,PRJ017,2026-09-01,3.3,True
3205,EMP026,PRJ017,2026-09-03,1.1,True
3206,EMP026,PRJ017,2026-09-04,1.3,True
3207,EMP026,PRJ017,2026-09-07,1.2,True
3208,EMP011,PRJ018,2025-12-22,7.7,True
3209,EMP011,PRJ018,2025-12-23,7.9,True
3210,EMP011,PRJ018,2025-12-24,6.9,True
3211,EMP011,PRJ018,2025-12-25,8.6,True
3212,EMP011,PRJ018,2025-12-26,3.1,True
3213,EMP011,PRJ018,2025-12-29,9.7,True
3214,EMP011,PRJ018,2025-12-30,9.4,True
3215,EMP011,PRJ018,2025-12-31,7.5,True
3216,EMP011,PRJ018,2026-01-01,10.0,True
3217,EMP011,PRJ018,2026-01-05,1.9,True
3218,EMP011,PRJ018,2026-01-06,4.6,True
3219,EMP011,PRJ018,2026-01-07,4.1,False
3220,EMP011,PRJ018,2026-01-09,7.5,True
3221,EMP011,PRJ018,2026-01-13,3.4,True
3222,EMP011,PRJ018,2026-01-15,7.6,False
3223,EMP011,PRJ018,2026-01-16,9.0,True
3224,EMP011,PRJ018,2026-01-19,7.4,True
3225,EMP011,PRJ018,2026-01-20,6.5,True
3226,EMP011,PRJ018,2026-01-21,3.5,True
3227,EMP011,PRJ018,2026-01-22,3.8,True
3228,EMP011,PRJ018,2026-01-23,8.7,False
3229,EMP011,PRJ018,2026-01-26,7.6,True
3230,EMP011,PRJ018,2026-01-27,5.7,True
3231,EMP011,PRJ018,2026-01-28,4.8,True
3232,EMP011,PRJ018,2026-01-29,1.1,False
3233,EMP011,PRJ018,2026-01-30,3.3,True
3234,EMP011,PRJ018,2026-02-02,10.3,True
3235,EMP011,PRJ018,2026-02-03,2.8,True
3236,EMP011,PRJ018,2026-02-04,6.3,True
3237,EMP011,PRJ018,2026-02-05,8.2,True
3238,EMP011,PRJ018,2026-02-06,2.9,True
3239,EMP011,PRJ018,2026-02-09,6.2,True
3240,EMP011,PRJ018,2026-02-10,8.0,True
3241,EMP011,PRJ018,2026-02-11,5.8,True
3242,EMP011,PRJ018,2026-02-13,12.0,True
3243,EMP011,PRJ018,2026-02-16,1.9,True
3244,EMP011,PRJ018,2026-02-17,8.3,True
3245,EMP011,PRJ018,2026-02-18,5.4,True
3246,EMP011,PRJ018,2026-02-19,7.6,True
3247,EMP011,PRJ018,2026-02-20,6.8,True
3248,EMP011,PRJ018,2026-02-23,4.1,True
3249,EMP011,PRJ018,2026-02-24,6.3,True
3250,EMP011,PRJ018,2026-02-25,1.5,True
3251,EMP011,PRJ018,2026-02-26,7.2,True
3252,EMP011,PRJ018,2026-02-27,6.5,True
3253,EMP011,PRJ018,2026-03-02,7.3,True
3254,EMP011,PRJ018,2026-03-03,8.3,True
3255,EMP011,PRJ018,2026-03-04,6.7,True
3256,EMP011,PRJ018,2026-03-05,6.2,False
3257,EMP011,PRJ018,2026-03-06,3.8,True
3258,EMP011,PRJ018,2026-03-09,4.1,True
3259,EMP011,PRJ018,2026-03-10,8.6,True
3260,EMP011,PRJ018,2026-03-11,9.2,True
3261,EMP011,PRJ018,2026-03-12,5.3,True
3262,EMP011,PRJ018,2026-03-13,5.9,True
3263,EMP011,PRJ018,2026-03-18,3.7,True
3264,EMP011,PRJ018,2026-03-19,8.5,True
3265,EMP011,PRJ018,2026-03-20,7.4,True
3266,EMP011,PRJ018,2026-03-24,10.3,True
3267,EMP011,PRJ018,2026-03-25,3.8,True
3268,EMP011,PRJ018,2026-03-26,4.9,True
3269,EMP011,PRJ018,2026-03-27,6.4,True
3270,EMP011,PRJ018,2026-03-30,7.3,True
3271,EMP011,PRJ018,2026-03-31,5.3,True
3272,EMP011,PRJ018,2026-04-01,3.8,False
3273,EMP011,PRJ018,2026-04-02,7.9,True
3274,EMP011,PRJ018,2026-04-03,7.5,True
3275,EMP011,PRJ018,2026-04-06,3.7,True
3276,EMP011,PRJ018,2026-04-07,9.0,True
3277,EMP011,PRJ018,2026-04-08,8.5,True
3278,EMP011,PRJ018,2026-04-09,6.1,False
3279,EMP011,PRJ018,2026-04-10,6.0,True
3280,EMP011,PRJ018,2026-04-13,7.1,True
3281,EMP011,PRJ018,2026-04-14,3.8,True
3282,EMP011,PRJ018,2026-04-15,5.9,True
3283,EMP011,PRJ018,2026-04-16,0.8,True
3284,EMP011,PRJ018,2026-04-17,7.9,False
3285,EMP011,PRJ018,2026-04-20,2.2,True
3286,EMP011,PRJ018,2026-04-21,9.3,True
3287,EMP011,PRJ018,2026-04-22,5.0,False
3288,EMP011,PRJ018,2026-04-23,5.3,False
3289,EMP011,PRJ018,2026-04-24,4.3,True
3290,EMP011,PRJ018,2026-04-27,5.1,True
3291,EMP011,PRJ018,2026-04-28,9.1,True
3292,EMP011,PRJ018,2026-04-29,0.5,True
3293,EMP011,PRJ018,2026-04-30,8.8,True
3294,EMP011,PRJ018,2026-05-01,6.6,True
3295,EMP011,PRJ018,2026-05-04,3.0,True
3296,EMP011,PRJ018,2026-05-05,3.3,False
3297,EMP011,PRJ018,2026-05-06,9.7,True
3298,EMP011,PRJ018,2026-05-07,3.6,True
3299,EMP011,PRJ018,2026-05-08,3.1,True
3300,EMP011,PRJ018,2026-05-11,8.5,True
3301,EMP011,PRJ018,2026-05-12,6.6,False
3302,EMP011,PRJ018,2026-05-13,3.6,True
3303,EMP011,PRJ018,2026-05-14,6.3,True
3304,EMP011,PRJ018,2026-05-15,3.4,True
3305,EMP011,PRJ018,2026-05-18,8.4,False
3306,EMP011,PRJ018,2026-05-19,8.3,False
3307,EMP011,PRJ018,2026-05-20,7.1,True
3308,EMP011,PRJ018,2026-05-21,6.7,True
3309,EMP011,PRJ018,2026-05-22,9.9,True
3310,EMP011,PRJ018,2026-05-26,5.8,True
3311,EMP011,PRJ018,2026-05-27,3.1,True
3312,EMP011,PRJ018,2026-05-28,6.9,True
3313,EMP011,PRJ018,2026-05-29,10.7,True
3314,EMP011,PRJ018,2026-06-01,3.4,True
3315,EMP011,PRJ018,2026-06-02,5.0,False
3316,EMP011,PRJ018,2026-06-03,6.8,True
3317,EMP011,PRJ018,2026-06-04,5.7,True
3318,EMP011,PRJ018,2026-06-05,3.5,True
3319,EMP011,PRJ018,2026-06-08,8.4,True
3320,EMP011,PRJ018,2026-06-09,11.2,False
3321,EMP011,PRJ018,2026-06-10,6.3,True
3322,EMP011,PRJ018,2026-06-11,3.7,True
3323,EMP011,PRJ018,2026-06-15,2.2,True
3324,EMP011,PRJ018,2026-06-16,6.4,False
3325,EMP011,PRJ018,2026-06-17,8.4,True
3326,EMP011,PRJ018,2026-06-18,6.9,True
3327,EMP011,PRJ018,2026-06-19,5.8,False
3328,EMP011,PRJ018,2026-06-22,4.4,True
3329,EMP011,PRJ018,2026-06-23,3.3,True
3330,EMP011,PRJ018,2026-06-24,7.8,True
3331,EMP011,PRJ018,2026-06-25,7.9,True
3332,EMP011,PRJ018,2026-06-26,2.2,True
3333,EMP011,PRJ018,2026-06-29,9.5,True
3334,EMP011,PRJ018,2026-06-30,7.1,True
3335,EMP011,PRJ018,2026-07-01,9.1,True
3336,EMP011,PRJ018,2026-07-02,2.7,True
3337,EMP011,PRJ018,2026-07-03,2.6,True
3338,EMP011,PRJ018,2026-07-06,5.5,True
3339,EMP011,PRJ018,2026-07-07,7.0,True
3340,EMP011,PRJ018,2026-07-08,10.0,True
3341,EMP011,PRJ018,2026-07-09,7.5,True
3342,EMP011,PRJ018,2026-07-10,5.2,True
3343,EMP011,PRJ018,2026-07-13,3.4,True
3344,EMP011,PRJ018,2026-07-14,8.7,True
3345,EMP011,PRJ018,2026-07-15,3.6,True
3346,EMP011,PRJ018,2026-07-16,9.6,True
3347,EMP011,PRJ018,2026-07-17,5.1,True
3348,EMP011,PRJ018,2026-07-20,9.5,True
3349,EMP011,PRJ018,2026-07-21,7.4,False
3350,EMP011,PRJ018,2026-07-22,5.5,True
3351,EMP011,PRJ018,2026-07-23,4.6,True
3352,EMP011,PRJ018,2026-07-24,5.0,False
3353,EMP011,PRJ018,2026-07-27,6.8,True
3354,EMP011,PRJ018,2026-07-28,6.0,True
3355,EMP011,PRJ018,2026-07-29,4.4,False
3356,EMP011,PRJ018,2026-07-30,5.4,False
3357,EMP011,PRJ018,2026-07-31,6.0,True
3358,EMP011,PRJ018,2026-08-05,0.8,True
3359,EMP011,PRJ018,2026-08-06,6.9,True
3360,EMP011,PRJ018,2026-08-07,3.5,True
3361,EMP011,PRJ018,2026-08-10,3.1,True
3362,EMP011,PRJ018,2026-08-11,1.9,True
3363,EMP011,PRJ018,2026-08-12,1.6,True
3364,EMP011,PRJ018,2026-08-13,2.6,True
3365,EMP011,PRJ018,2026-08-17,4.2,True
3366,EMP011,PRJ018,2026-08-18,10.4,True
3367,EMP011,PRJ018,2026-08-19,4.6,True
3368,EMP011,PRJ018,2026-08-20,6.2,True
3369,EMP011,PRJ018,2026-08-21,6.7,True
3370,EMP011,PRJ018,2026-08-24,6.1,True
3371,EMP011,PRJ018,2026-08-25,5.6,True
3372,EMP011,PRJ018,2026-08-26,3.0,True
3373,EMP011,PRJ018,2026-08-28,9.2,True
3374,EMP011,PRJ018,2026-08-31,10.0,True
3375,EMP011,PRJ018,2026-09-01,1.9,True
3376,EMP011,PRJ018,2026-09-02,3.4,True
3377,EMP011,PRJ018,2026-09-03,5.2,True
3378,EMP011,PRJ018,2026-09-04,3.6,True
3379,EMP011,PRJ018,2026-09-07,7.0,True
3380,EMP013,PRJ004,2025-12-26,10.3,True
3381,EMP016,PRJ004,2026-02-16,5.9,True
3382,EMP011,PRJ005,2026-03-25,12.0,True
3383,EMP011,PRJ018,2026-08-25,5.6,True
3384,EMP026,PRJ016,2026-07-08,3.2,True
3385,EMP024,PRJ009,2026-05-11,7.5,True
3386,EMP004,PRJ013,2026-07-16,12.0,False
3387,EMP002,PRJ017,2026-07-02,1.7,True
3388,EMP012,PRJ006,2025-12-26,5.4,True
3389,EMP011,PRJ009,2026-04-01,5.2,True
3390,EMP016,PRJ005,2026-03-04,12.0,True
3391,EMP026,PRJ017,2026-04-02,2.4,True
3392,EMP012,PRJ017,2026-05-06,1.4,True
3393,EMP026,PRJ017,2026-07-24,3.0,True
3394,EMP026,PRJ004,2025-12-18,2.7,True
3395,EMP015,PRJ008,2026-04-07,3.3,True
3396,EMP026,PRJ017,2026-09-01,3.3,True
3397,EMP011,PRJ009,2026-03-10,2.5,True
3398,EMP016,PRJ005,2026-02-12,5.4,False
3399,EMP013,PRJ014,2026-06-22,4.8,True
3400,EMP003,PRJ001,2026-07-14,2.0,True
3401,EMP018,PRJ003,2026-05-08,5.4,True
3402,EMP011,PRJ018,2026-04-03,7.5,True
3403,EMP015,PRJ003,2026-06-10,3.6,True
3404,EMP011,PRJ018,2026-06-16,6.4,False
3405,EMP001,PRJ014,2026-07-06,8.9,True
3406,EMP002,PRJ017,2026-06-22,-4.0,True
3407,EMP003,PRJ001,2026-08-26,3.3,True
3408,EMP012,PRJ007,2026-03-24,11.4,False
3409,EMP012,PRJ007,2026-05-15,3.9,True
3410,EMP026,PRJ016,2026-04-06,2.2,False
3411,EMP011,PRJ015,2026-02-24,11.3,True
3412,EMP026,PRJ017,2026-08-14,2.7,True
3413,EMP026,PRJ017,2026-07-14,1.1,True
